Workbook

Sheet Raw_laptops_Dataset
A1: Brand: | B1: Product name | C1: Processor | D1: Video graphics | E1: Video graphics Memorey | F1: RAM | G1: Hard drive | H1: Display | I1: Display Resolution | J1: Display Refresh Rate | K1: Operating System | L1: Keyboard | M1: Battery | N1: Webcam | O1: Connections | P1: Dimensions | Q1: Weight | R1: Colors | S1: Warranty | T1: Price | U1: Processor Generation | V1: Processor Details | W1: Product number | X1: Power supply type | Y1: Laptop Color | Z1: Finger Print | AA1: SUPPORT SSD M2 | AB1: Pointing device | AC1: Optical drive | AD1: Series :
A2: MSI | B2: Titan 18 HX Dragon Edition Norse Myth A2XWJG | C2: Intel Core Ultra 9 285HX | D2: Nvidia GeForce RTX 5090 24GB | E2: 24GB GDDR7 | F2: 96GB DDR5 6400MHz 48GB*2 | G2: 6TB, 2TB NVMe PCIe Gen5x4 SSD w/o DRAM + 2TB NVMe PCIe Gen4x4 SSD x2 | H2: 18" 16:10 UHD+ (3840x2400), MiniLED, 120Hz, 100% DCI-P3 (Typ.), IPS-Level panel | I2: 3840x2400 | J2: 120 Hz | K2: Windows® 11 Home | L2: Cherry Mechanical Per-Key RGB Gaming Keyboard by SteelSeries | M2: 4-Cell 99 Battery (Whr) | N2: IR FHD type (30fps@1080p) with HDR 3D Noise Reduction+ (3DNR+) | O2: 2x Thunderbolt™ 5 (DisplayPort™/ Power Delivery 3.1) 3x Type-A USB3.2 Gen2 1x SD Express Card Reader 1x HDMI™ 2.1 (8K @ 60Hz / 4K @ 120Hz) | P2: 404 x 307.5 x 24-32.05 mm | Q2: 3.6 kg | R2: Core Black | S2: 2 Year | T2: 320000
A3: MSI | B3: Katana 15 HX 14XWGK | C3: Intel Core i9-14900HX | D3: Nvidia GeForce RTX 5070 8GB | E3: 8GB GDDR7 | F3: 16GB DDR5 8GB*2 | G3: 1TB NVMe PCIe SSD Gen4x4 | H3: 15.6" QHD (2560*1440), 165Hz DCI-P3 100% typical | I3: 2560*1440 | J3: 165 HZ | K3: Windows® 11 Home | L3: 4-Zone RGB Gaming Keyboard | M3: 4 cell, 75Whr | N3: HD Webcam (720p @ 30fps) | O3: 1x USB Type-C (USB 3.2 Gen2 / DisplayPort / Power Delivery 3.0) 3x USB Type-A (USB 3.2 Gen2) 1x HDMI 2.1 (8K@60Hz / 4K@120Hz) 1x Mic-in/Headphone-out Combo Jack 1x RJ45 (Gb LAN) | P3: 359 x 262 x 25.5 mm | Q3: 2.4 kg | R3: Black | S3: 2 Year | T3: 79999 | U3: 14th generation
A4: Acer | B4: NITRO V15-ANV15-51-51H9 | C4: Intel Core I5-13420H | D4: Nvidia GeForce RTX 4050 6GB | E4: 6GB GDDR6 | F4: 8 GB DDR5-SDRAM | G4: 512 GB SSD | H4: 15.6'' Inch FHD IPS LED backlight aspect ratio 16:9 refresh rate 144 Hz | I4: 1920x1080 | J4: 144 Hz | K4: Windows® 11 Home | M4: 57 Wh | O4: USB 3.2 Gen 1 (3.1 Gen 1) Type-A ports quantity 3 HDMI ports quantity 1 USB 3.2 Gen 2 (3.1 Gen 2) Type-C ports quantity 1 Ethernet LAN (RJ-45) ports 1 | R4: Black | S4: 1 Year | T4: 39999 | U4: 13th generation | V4: 8C (4P + 4E) / 12T, P-core 2.1 / 4.6GHz, E-core 1.5 / 3.4GHz, 12MB
A5: Dell | B5: Alienware 16 Aurora AC16250 | C5: Intel Core 7 240H | D5: NVIDIA(R) GeForce RTX(TM) 5050 | E5: 8 GB GDDR7 | F5: 16GB, 2x8GB, DDR5, 5600 MT/s ( 5200 MT/s with Intel Core 5 CP U) | G5: 512GB M.2 PCIe NVMe SSD | H5: 16" WQXGA 120Hz, 300 nits, ComfortView Plus, 1 00% sRGB color gamut | I5: 2560 x 1600 | J5: 120 Hz | K5: Windows 11 Home | M5: 6-Cell Battery, 96 Whr (Integr ated) | O5: 2 USB 3.2 Gen 1 (5 Gbps) ports 1 USB 3.2 Gen 2 (10 Gbps) Type-C® port with DisplayPort™ 1.4a ports 1 USB 3.2 Gen 2 (10 Gbps) Type-C® port with Power Delivery 1 HDMI 2.1 port with Discrete Graphics Controller Direct Output 1 universal audio jack (RCA, 3.5 | P5: 356.98 x 265.43 x 15.20 mm | Q5: 2.49 kg | S5: 1 Year | T5: 57999 | V5: 240H (24MB cache, 1 0 cores, 1.80 to 5.20 GHz P-Co re)
A6: Dell | B6: Alienware 16 Aurora AC16250 | C6: Intel Core 9 270H | D6: Nvidia GeForce RTX 5060 8GB | E6: 8GB GDDR7 | F6: 16GB, 2x8GB, DDR5, 5600 MT/s | G6: 1TB M.2 PCIe NVMe SSD | H6: 16" WQXGA 120Hz, 300 nits, ComfortView Plus, 100% sRGB color gamut | I6: 2560 x 1600 | J6: 120 Hz | K6: DOS | L6: Alienware White Backlit Keyboard | M6: 6-Cell Battery, 96 Whr (Integrated) | N6: 720p at 30 fps HD camera, Dual-array microphones | O6: 2 USB Type-A 3.2 Gen 1 Port 1 Type-C® Port (USB 3.2 Gen 2, DisplayPort™ 1.4) (iGPU) 1 Type-C® Port (USB 3.2 Gen 2, DisplayPort™ 1.4a) (iGPU) 1 HDMI 2.1 (dGPU) 1 Power/DC-in Port 1 RJ-45 Ethernet 1 Global headset jack | P6: 356.98 x 265.43 x 22.70 mm | Q6: 2.49 kg | S6: 1 Year | T6: 89999 | V6: 24MB cache, 14 cores, 2.00 to 5.80 GHz P-Core
A7: Dell | B7: Alienware 16 Aurora AC16250 | C7: Intel Core 7 240H | D7: Nvidia GeForce RTX 5060 | E7: 8 GB GDDR7 | F7: 32GB, 2x16GB, DDR5, 5600 MT/s | G7: 1TB M.2 PCIe NVMe SSD | H7: 16" WQXGA 120Hz, 300 nits, ComfortView Plus, 1 00% sRGB color gamut | I7: 2560 x 1600 | J7: 120 Hz | K7: DOS | M7: 6-Cell Battery, 96 Whr (Integr ated) | O7: 2 USB 3.2 Gen 1 (5 Gbps) ports 1 USB 3.2 Gen 2 (10 Gbps) Type-C® port with DisplayPort™ 1.4a ports 1 USB 3.2 Gen 2 (10 Gbps) Type-C® port with Power Delivery 1 HDMI 2.1 port with Discrete Graphics Controller Direct Output 1 universal audio jack (RCA, 3.5 | P7: 356.98 x 265.43 x 15.20 mm | Q7: 2.49 kg | S7: 1 Year | T7: 67999 | V7: 240H (24MB cache, 1 0 cores, 1.80 to 5.20 GHz P-Co re)
A8: Dell | B8: Alienware 16 Aurora AC16250 | C8: Intel Core 7 240H | D8: Nvidia GeForce RTX 5050 | E8: 8 GB GDDR7 | F8: 16GB, 2x8GB, DDR5, 5600 MT/s ( 5200 MT/s with Intel Core 5 CP U) | G8: 1TB M.2 PCIe NVMe SSD | H8: 16" WQXGA 120Hz, 300 nits, ComfortView Plus, 100% sRGB color gamut | I8: 2560 x 1600 | J8: 120Hz | K8: DOS | M8: 6-Cell Battery, 96 Whr (Integr ated) | O8: 2 USB 3.2 Gen 1 (5 Gbps) ports 1 USB 3.2 Gen 2 (10 Gbps) Type-C® port with DisplayPort™ 1.4a ports 1 USB 3.2 Gen 2 (10 Gbps) Type-C® port with Power Delivery 1 HDMI 2.1 port with Discrete Graphics Controller Direct Output 1 universal audio jack (RCA, 3.5 | P8: 356.98 x 265.43 x 15.20 mm | Q8: 2.49 kg | S8: 1 Year | T8: 57999 | V8: 240H (24MB cache, 1 0 cores, 1.80 to 5.20 GHz P-Co re)
A9: HP | B9: Victus 15-fa2318TX | C9: Intel® Core™ i7-13620H | D9: NVIDIA® GeForce RTX™ 3050 | E9: 6 GB GDDR6 | F9: 16 GB DDR4-3200 MT/s (1 x 16 GB) | G9: 512 GB PCIe® Gen4 NVMe™ M.2 SSD | H9: 39.6 cm (15.6") diagonal, FHD, 144 Hz, IPS, micro-edge, anti-glare, 300 nits, 62.5% sRGB | I9: 1920 x 1080 | J9: 144 Hz | K9: Dos | L9: Full-size, backlit, moonstone gray keyboard with numeric keypad | M9: 3-cell, 52.5 Wh Li-ion polymer | N9: HP Wide Vision 720p HD camera with temporal noise reduction and integrated dual array digital microphones | O9: 1 USB Type-A 5Gbps signaling rate (HP Sleep and Charge); 1 USB Type-A 5Gbps signaling rate; 1 AC smart pin; 1 HDMI 2.1; 1 headphone/microphone combo; 1 RJ-45; 1 USB Type-C® 5Gbps signaling rate (DisplayPort™ 1.4a, HP Sleep and Charge) 10 | P9: 357.9 x 255 x 23.5 mm | Q9: 2.29 kg | R9: Mica silver | S9: 1 year | T9: 40999 | U9: 13th generation | V9: up to 4.9 GHz with Intel® Turbo Boost Technology, 24 MB L3 cache, 10 cores, 16 threads | W9: C34KHPA
A10: HP | B10: Victus 16-r1042ne | C10: Intel® Core™ i7-14700HX | D10: NVIDIA® GeForce RTX™ 4050 | E10: 6 GB GDDR6 | F10: 16 GB DDR5-5600 MT/s (2 x 8 GB) Transfer rates up to 5600 MT/s. 2 x 8 GB | G10: 512 GB PCIe® Gen4 NVMe™ TLC M.2 SSD | H10: 16.1''inch FHD | I10: 1920 x 1080 | J10: 144 Hz | K10: Dos | L10: Full-size, backlit, moonstone grey keyboard with numeric keypad | M10: 4-cell, 70 Wh Li-ion polymer | N10: HP True Vision 1080p FHD camera with temporal noise reduction and integrated dual array digital microphones | O10: 1 USB Type-A 5Gbps signaling rate (HP Sleep and Charge); 1 USB Type-C® 5Gbps signaling rate (USB Power Delivery, DisplayPort™ 1.4, HP Sleep and Charge); 2 USB Type-A 5Gbps signaling rate; 1 HDMI 2.1; 1 RJ-45; 1 AC smart pin; 1 headphone/microphone combo | Q10: 2.31 kg | R10: Mica silver | S10: 1 year | T10: 51499 | U10: 14th generation | V10: up to 5.5 GHz with Intel® Turbo Boost Technology, 33 MB L3 cache, 20 cores, 28 threads | W10: A7KC6EA
A11: HP | B11: Victus 15-FA2317TX | C11: Intel® Core™ i7-13620H | D11: NVIDIA® GeForce RTX™ 4050 | E11: 6 GB GDDR6 | F11: 16 GB DDR4-3200 MT/s (1 x 16 GB) Transfer rates up to 3200 MT/s. 1 x 16 GB | G11: 512 GB PCIe® Gen4 NVMe™ M.2 SSD | H11: 15.6'' Inch FHD | I11: 1920 x 1080 | J11: 144 Hz | K11: DOS | L11: Full-size, backlit, moonstone gray keyboard with numeric keypad | M11: 4-cell, 70 Wh Li-ion polymer | N11: HP Wide Vision 720p HD camera with temporal noise reduction and integrated dual array digital microphones | O11: 1 USB Type-A 5Gbps signaling rate (HP Sleep and Charge); 1 USB Type-A 5Gbps signaling rate; 1 AC smart pin; 1 HDMI 2.1; 1 headphone/microphone combo; 1 RJ-45; 1 USB Type-C® 5Gbps signaling rate (DisplayPort™ 1.4a, HP Sleep and Charge) | P11: 35.79 x 25.5 x 2.35 cm | Q11: 2.29 kg | R11: Mica silver | S11: 1 Year | T11: 47777 | U11: 13th generation | V11: up to 4.9 GHz with Intel® Turbo Boost Technology, 24 MB L3 cache, 10 cores, 16 threads | W11: C34K7PA
A12: Lenovo | B12: LOQ 15IAX9E | C12: Intel® Core™ i5-12450HX | D12: Nvidia GeForce RTX 3050 6GB | E12: 6GB GDDR6 | F12: 1x 16GB SO-DIMM DDR5-4800 | G12: 512GB SSD M.2 2242 PCIe® 4.0x4 NVMe® | H12: 15.6" FHD (1920x1080) IPS 300nits Anti-glare, 100% sRGB, 144Hz | I12: 1920 x 1080 | J12: 144 Hz | K12: Windows 11 Home | L12: White Backlit, Arabic | M12: Integrated 57Wh | N12: HD 720p with Privacy Shutter | O12: 2x USB-A (USB 5Gbps / USB 3.2 Gen 1) 1x USB-C® (USB 5Gbps / USB 3.2 Gen 1), data transfer only 1x HDMI® 2.1, up to 8K/60Hz 1x Headphone / microphone combo jack (3.5mm) 1x Ethernet (RJ-45) 1x Card reader 1x Power connector | P12: 359.3 x 236 x 19.9-22.95 mm | Q12: 1.77 kg | R12: Luna Grey | S12: 2 Years | T12: 31999 | U12: 12th generation | V12: 8C (4P + 4E) / 12T, P-core up to 4.4GHz, E-core up to 3.1GHz, 12MB | W12: 83LK0060ED
A13: HP | B13: Victus 16-r1066ne | C13: Intel® Core™ i5-14450HX | D13: NVIDIA® GeForce RTX™ 3050 | E13: 6 GB GDDR6 | F13: 16 GB DDR5-5600 MT/s (2 x 8 GB) Transfer rates up to 5600 MT/s. 2 x 8 GB | G13: 1 TB PCIe® Gen4 NVMe™ M.2 SSD | H13: 16.1″diagonal, FHD , 144 Hz, IPS, micro-edge, anti-glare, 300 nits, 62.5% sRGB | I13: 1920 x 1080 | J13: 144 Hz | K13: DOS | L13: Full-size, backlit, moonstone gray keyboard with numeric keypad | M13: 4-cell, 70 Wh Li-ion polymer | N13: HP True Vision 1080p FHD camera with temporal noise reduction and integrated dual array digital microphones | O13: 1 USB Type-A 5Gbps signaling rate (HP Sleep and Charge); 1 USB Type-C® 5Gbps signaling rate (USB Power Delivery, DisplayPort™ 1.4, HP Sleep and Charge); 2 USB Type-A 5Gbps signaling rate; 1 HDMI 2.1; 1 RJ-45; 1 AC smart pin; 1 headphone/microphone combo | P13: 369 x 259.4 x 22.9 mm | Q13: 2.31 kg | R13: Mica silver | S13: 1 Year | T13: 39666 | U13: 14th generation | V13: up to 4.8 GHz with Intel® Turbo Boost Technology, 20 MB L3 cache, 10 cores, 16 threads | W13: B0VX8EA
A14: HP | B14: Victus 16-r1062ne | C14: Intel® Core™ i5-14450HX | D14: NVIDIA® GeForce RTX™ 3050 | E14: 6 GB GDDR6 | F14: 16 GB DDR5-5600 MT/s (2 x 8 GB) Transfer rates up to 5600 MT/s. 2 x 8 GB | G14: 1 TB PCIe® Gen4 NVMe™ M.2 SSD | H14: 16.1″ diagonal, FHD, 144 Hz, IPS, micro-edge, anti-glare, 300 nits, 62.5% sRGB | I14: 1920 x 1080) | J14: 144 Hz | K14: DOS | L14: Full-size, backlit, performance blue opaque keyboard with numeric keypad | M14: 4-cell, 70 Wh Li-ion polymer | N14: HP True Vision 1080p FHD camera with temporal noise reduction and integrated dual array digital microphones | O14: 1 USB Type-A 5Gbps signaling rate (HP Sleep and Charge); 1 USB Type-C® 5Gbps signaling rate (USB Power Delivery, DisplayPort™ 1.4, HP Sleep and Charge); 2 USB Type-A 5Gbps signaling rate; 1 HDMI 2.1; 1 RJ-45; 1 AC smart pin; 1 headphone/microphone combo | P14: 369 x 259.4 x 22.9 mm | Q14: 2.31 kg | R14: Performance blue | S14: 1 Year | T14: 39666 | U14: 14th generation | V14: up to 4.8 GHz with Intel® Turbo Boost Technology, 20 MB L3 cache, 10 cores, 16 threads | W14: A95G4EA
A15: HP | B15: Victus 15-fa1103ne | C15: Intel® Core™ i5-13420H | D15: NVIDIA® GeForce RTX™ 3050 | E15: 6 GB GDDR6 | F15: 8 GB DDR4-3200 MT/s (1 x 8 GB) Transfer rates up to 3200 MT/s. 1 x 8 GB | G15: 512 GB PCIe® Gen4 NVMe™ M.2 SSD | H15: 15.6″ FHD (1920 × 1080), IPS, 144 Hz, 9 ms, anti-glare, 250 nits, 45% NTSC | I15: 1920 x 1080 | J15: 144 Hz | K15: DOS | L15: Full-size, backlit, performance blue keyboard with numeric keypad | M15: 4-cell, 70 Wh Li-ion polymer | N15: HP Wide Vision 720p HD camera with temporal noise reduction and integrated dual array digital microphones | O15: 1 USB Type-A 5Gbps signaling rate; 1 USB Type-A 5Gbps signaling rate (HP Sleep and Charge); 1 USB Type-C® 5Gbps signaling rate (DisplayPort™ 1.4, HP Sleep and Charge); 1 HDMI 2.1; 1 RJ-45; 1 AC smart pin; 1 headphone/microphone combo | P15: 357 x 255 x 23.5 mm | Q15: 2.29 kg | R15: Performance blue | S15: 1 Year | T15: 33999 | U15: 13th generation | V15: up to 4.6 GHz with Intel® Turbo Boost Technology, 12 MB L3 cache, 8 cores, 12 threads | W15: 8Y5V3EA
A16: HP | B16: VICTUS 15-FA1112NIA | C16: Intel® Core™ i5-13420H | D16: NVIDIA® GeForce RTX™ 3050 | E16: 6 GB GDDR6 | F16: 8 GB DDR4-3200 MT/s (1 x 8 GB) Transfer rates up to 3200 MT/s. 1 x 8 GB | G16: 512 GB PCIe® Gen4 NVMe™ M.2 SSD | H16: 15.6″ FHD (1920×1080), IPS, 144 Hz, 250 nits, 45% NTSC, anti-glare | I16: 1920 x 1080 | J16: 144 Hz | K16: DOS | L16: Full-size, backlit, mica silver keyboard with numeric keypad | M16: 4-cell, 70 Wh Li-ion polymer | N16: HP Wide Vision 720p HD camera with temporal noise reduction and integrated dual array digital microphones | O16: 1 USB Type-A 5Gbps signaling rate; 1 USB Type-A 5Gbps signaling rate (HP Sleep and Charge); 1 USB Type-C® 5Gbps signaling rate (DisplayPort™ 1.4, HP Sleep and Charge); 1 HDMI 2.1; 1 RJ-45; 1 AC smart pin; 1 headphone/microphone combo | P16: 255 × 357 × 23.5 mm | Q16: 2.29 kg | R16: Mica silver | S16: 1 Year | T16: 33999 | U16: 13th generation | V16: up to 4.6 GHz with Intel® Turbo Boost Technology, 12 MB L3 cache, 8 cores, 12 threads | W16: 8Y605EA
A17: HP | B17: OMEN Slim 16-an0119nrav | C17: Intel® Core™ Ultra 9 285H | D17: NVIDIA® GeForce RTX™ 5070 | E17: 8 GB GDDR7 | F17: 16 GB DDR5-5600 MT/s (2 x 8 GB) Transfer rates up to 5600 MT/s. 2 x 8 GB | G17: 1 TB PCIe® Gen4 NVMe™ M.2 SSD | H17: 16" diagonal WQXGA display | I17: 2560 x 1600 | J17: 240Hz | K17: Windows11 Home | L17: Full-size, 4-zone RGB backlit, shadow black keyboard with numeric keypad and 26-Key Rollover Anti-Ghosting Key technology | M17: 4-cell, 70 Wh Li-ion polymer | N17: HP True Vision 1080p FHD camera with temporal noise reduction and integrated dual array digital microphones | O17: 1 USB Type-A 10Gbps signaling rate; 2 USB Type-A 5Gbps signaling rate; 1 AC smart pin; 1 HDMI 2.1; 1 headphone/microphone combo; 1 RJ-45; 1 USB Type-C® 10Gbps signaling rate (USB Power Delivery 3.0, DisplayPort™ 1.4, HP Sleep and Charge) | P17: 357 x 268 x 19.8 mm | Q17: 2.42 kg | R17: Shadow black | S17: 1 Year | T17: 106999 | V17: up to 5.4 GHz with Intel® Turbo Boost Technology, 24 MB L3 cache, 16 cores, 16 threads | W17: BM7B9UA
A18: HP | B18: OMEN 16-AP0097NR | C18: AMD Ryzen™ AI 9 365 | D18: NVIDIA® GeForce RTX™ 5070 | E18: 8 GB GDDR7 | F18: 32 GB DDR5-5600 MT/s (2 x 16 GB) | G18: 1 TB PCIe® Gen4 NVMe™ M.2 SSD | H18: 16" diagonal, WQXGA , 60-240 Hz, 3 ms response time, IPS, micro-edge, anti-glare, Low Blue Light, 500 nits, 100% sRGB | I18: 2560 x 1600 | J18: 240Hz | K18: Windows11 Home | L18: Full-size, 4-zone RGB backlit, shadow black keyboard with numeric keypad and 26-Key Rollover Anti-Ghosting Key technology | M18: 6-cell, 83 Wh Li-ion polymer | N18: HP True Vision 1080p FHD camera with temporal noise reduction and integrated dual array digital microphones | O18: 1 USB Type-A 10Gbps signaling rate; 2 USB Type-A 5Gbps signaling rate; 1 AC smart pin; 1 HDMI 2.1; 1 headphone/microphone combo; 1 RJ-45; 1 USB Type-C® 10Gbps signaling rate (USB Power Delivery 3.0, DisplayPort™ 1.4, HP Sleep and Charge)[19,42] | P18: 357 x 268 x 23.8 mm | Q18: 2.44kg | R18: Shadow Black | S18: 1 Year | T18: 104999 | V18: up to 5.0 GHz max boost clock, 24 MB L3 cache, 10 cores, 20 threads
A19: Lenovo | B19: Legion 5 15IRX10 | C19: Intel® Core i9-14900HX | D19: NVIDIA® GeForce RTX™ 5070 | E19: 8GB GDDR7 | F19: 1x 16GB SO-DIMM DDR5-5600 | G19: 1TB SSD M.2 2242 PCIe® 4.0x4 NVMe® | H19: 15.1" WQXGA OLED 1000nits (peak) / 500nits (typical) glossy, 100% DCI-P3, 165Hz, Dolby Vision®, DisplayHDR™ True Black 600 | I19: 2560x1600 | J19: 165 HZ | K19: Windows 11 Home | L19: 24-Zone RGB Backlit, English | M19: 80Wh | N19: 5.0MP with E-shutter | O19: 2x USB-A (USB 5Gbps / USB 3.2 Gen 1) 1x USB-A (USB 5Gbps / USB 3.2 Gen 1), Always On 1x USB-C® (USB 10Gbps / USB 3.2 Gen 2), with USB PD 65-100W and DisplayPort™ 2.1 1x USB-C® (USB 10Gbps / USB 3.2 Gen 2), with DisplayPort™ 1.4 1x HDMI® 2.1, up to 8K/60Hz | P19: 344.9 x 255.35 x 19.95-21.54 mm | Q19: 1.9 kg | R19: Eclipse Black | S19: 1 Year | T19: 107999 | U19: 14th generation | V19: 24C (8P + 16E) / 32T, P-core 2.2 / 5.8GHz, E-core 1.6 / 4.1GHz, 36MB | W19: 83LY0007US
A20: ASUS | B20: ROG Zephyrus G16 GA605KP-AI327W | C20: AMD Ryzen™ AI 7 350 | D20: NVIDIA® GeForce RTX™ 5070 Laptop GPU | E20: 8GB GDDR7 | F20: 32GB LPDDR5X 7500 on board(Actual memory speeds may vary by CPU configuration.) | G20: 1TB PCIe® 4.0 NVMe™ M.2 SSD | H20: 16-inch 2.5K , WQXGA) 16:10 aspect ratio | I20: 2560 x 1600 | J20: 240Hz | K20: Windows 11 Home | M20: 90WHrs, 4S1P, 4-cell Li-ion | N20: 1080P FHD IR Camera for Windows Hello | O20: 1x Type-C USB 4 with support for DisplayPort™ / power delivery (data speed up to 40Gbps) 1x USB 3.2 Gen 2 Type-C with support for DisplayPort™ / power delivery (data speed up to 10Gbps) 2x USB 3.2 Gen 2 Type-A (data speed up to 10Gbps) 1x card reader (SD | P20: 354 x 246 x 14.9 x 16.4 mm | Q20: 1.85 Kg | R20: Gray | S20: 1 year | T20: 105200 | V20: 2.0GHz (24MB Cache, up to 5.0GHz, 8 cores, 16 Threads); AMD XDNA™ NPU up to 50TOPS | W20: 90NR0NC1-M00240
A21: Lenovo | B21: Legion Pro 7 16IAX10H | C21: Intel® Core Ultra 9 275HX | D21: NVIDIA® GeForce RTX™ 5080 | E21: 16GB GDDR7 | F21: 2x 32GB CSODIMM DDR5-6400 | G21: 2x 1TB SSD M.2 2280 PCIe® 4.0x4 NVMe® | H21: 16" WQXGA OLED 500nits (Typical) / 1100nits (Peak) Glossy, 100% DCI-P3, 240Hz, DisplayHDR™ True Black 1000, Dolby Vision®, G-SYNC®, Low Blue Light, High Gaming Performance, Flicker Free | I21: 2560x1600 | J21: 240 HZ | K21: Windows® 11 Pro | L21: Per-key RGB Backlit, English | M21: 99.9Wh | N21: 5.0MP with E-shutter | O21: 2x USB-A (USB 5Gbps / USB 3.2 Gen 1) 1x USB-A (USB 10Gbps / USB 3.2 Gen 2), Always On 1x USB-C® (USB 10Gbps / USB 3.2 Gen 2), with USB PD 65-100W and DisplayPort™ 2.1 1x Thunderbolt™ 4 / USB4® 40Gbps (support data transfer and DisplayPort™ 2.1) 1x HDMI® 2 | P21: 364.38 x 275.94 x 21.9-26.65 mm | Q21: 2.57 kg | R21: Eclipse Black | S21: 1 Year | T21: 205000 | V21: 24C (8P + 16E) / 24T, Max Turbo up to 5.4GHz, 36MB | W21: 83F5006HUS
A22: HP | B22: Victus 16-r1046ne | C22: Intel® Core™ i7-14700HX | D22: NVIDIA® GeForce RTX™ 4050 | E22: 6 GB GDDR6 | F22: 16 GB DDR5-5600 MT/s (2 x 8 GB) Transfer rates up to 5600 MT/s. 2 x 8 GB | G22: 1 TB PCIe® Gen4 NVMe™ M.2 SSD | H22: 16.1″ diagonal, FHD (1920 x 1080), 144 Hz, IPS, micro-edge, anti-glare, 300 nits, 62.5% sRGB | I22: 1920 x 1080 | J22: 144 Hz | K22: DOS | L22: Full-size, backlit, performance blue opaque keyboard with numeric keypad | M22: 4-cell, 70 Wh Li-ion polymer | N22: HP True Vision 1080p FHD camera with temporal noise reduction and integrated dual array digital microphones | O22: 1 USB Type-A 5Gbps signaling rate (HP Sleep and Charge); 1 USB Type-C® 5Gbps signaling rate (USB Power Delivery, DisplayPort™ 1.4, HP Sleep and Charge); 2 USB Type-A 5Gbps signaling rate; 1 HDMI 2.1; 1 RJ-45; 1 AC smart pin; 1 headphone/microphone combo | P22: 369 x 259.4 x 22.9 mm | Q22: 2.33 kg | R22: Performance blue | S22: 1 Year | T22: 53999 | U22: 14th generation | V22: up to 5.5 GHz with Intel® Turbo Boost Technology, 33 MB L3 cache, 20 cores, 28 threads | W22: 9X706EA
A23: ASUS | B23: ROG Strix G16 G614PR-RV161W | C23: AMD Ryzen™ 9 8940HX | D23: NVIDIA® GeForce RTX™ 5070 Ti | E23: 12GB GDDR7 | F23: 16GB DDR5-5200 SO-DIMM | G23: 1TB PCIe® 4.0 NVMe™ M.2 SSD | H23: 16-inch FHD+ 16:10 (1920 x 1200, WUXGA) IPS-level anti-glare display sRGB: 100% Refresh Rate: 165Hz Response Time: 3ms G-Sync | I23: 1920 x 1200 | J23: 165 HZ | K23: Windows 11 Home | L23: Backlit Chiclet Keyboard 4-Zone RGB Touchpad | M23: 90WHrs, 4S1P, 4-cell Li-ion | N23: 1080p FHD camera | O23: 1x 3.5mm Combo Audio Jack 1x HDMI 2.1 FRL 2x USB 3.2 Gen 2 Type-A (data speed up to 10Gbps) 1x Type-C USB 4 with support for DisplayPort™ / power delivery / G-SYNC (data speed up to 40Gbps) 1x Type-C USB 4 with support for DisplayPort™ / G-SYNC (data spee | P23: 354 x 264 x 22.6 x 30.4 mm | Q23: 2.50 Kg | R23: Eclipse Gray | S23: سنه | T23: 109300 | V23: 2.4GHz (80MB Cache, up to 5.3GHz, 16 cores, 32 Threads)
A24: ASUS | B24: ROG Strix G16 G614FP-GR169W | C24: AMD Ryzen 9 9955HX | D24: NVIDIA® GeForce RTX™ 5070 | E24: 8GB GDDR7 | F24: 16GB DDR5-5600 SO-DIMM | G24: 1TB PCIe® 4.0 NVMe™ M.2 SSD | H24: 16-inch FHD+ 16:10 (1920 x 1200, WUXGA) 165Hz, 3ms IPS-level 300nits 100% SRGB | I24: 1920 x 1200 | J24: 165 HZ | K24: Windows® 11 Home | L24: Backlit Chiclet Keyboard 4-Zone RGB | M24: 90WHrs, 4S1P, 4-cell Li-ion | N24: 1080p FHD camera | O24: 1x RJ45 LAN port 1x Type-C USB 4 with support for DisplayPort™ (data speed up to 40Gbps) 1x Type-C USB 4 with support for DisplayPort™ / power delivery (data speed up to 40Gbps) 2x USB 3.2 Gen 2 Type-A (data speed up to 10Gbps) | P24: 354 x 264 x 22.6 ~ 30.4 mm | Q24: 2.50 Kg | R24: Eclipse Gray | S24: 1 Year | T24: 102000 | V24: 2.5GHz (80MB Cache, up to 5.4GHz, 16 cores, 32 Threads
A25: ASUS | B25: TUF Gaming A16 FA608UH-RV007W | C25: AMD Ryzen™ 7 260 | D25: NVIDIA® GeForce RTX™ 5050 | E25: 8GB GDDR7 | F25: 16GB DDR5-5600 SO-DIMM | G25: 512GB PCIe® 4.0 NVMe™ M.2 SSD | H25: 16-inch, FHD+ 16:10 , WUXGA), IPS-level, Anti-glare display, sRGB:100%, Adobe:75.35%, Refresh Rate:165Hz, Response Time:3ms, G-Sync, MUX Switch | I25: 1920 x 1200 | J25: 165 HZ | K25: Windows11 Home | L25: Backlit Chiclet Keyboard 1-Zone RGB Touchpad With Copilot key | M25: 90WHrs, 4S1P, 4-cell Li-ion | N25: 1080P FHD IR Camera for Windows Hello | O25: 1x 3.5mm Combo Audio Jack 1x HDMI 2.1 FRL 2x USB 3.2 Gen 2 Type-A (data speed up to 10Gbps) 1x USB 3.2 Gen 2 Type-C with support for DisplayPort™ / power delivery / G-SYNC (data speed up to 10Gbps) 1x USB 2.0 Type-A (data speed up to 480Mbps) 1x Type-C US | P25: 354 x 269 x 17.9 x 179 mm | Q25: 2.20 Kg | R25: Grey | S25: 1 Year | T25: 56199 | V25: 3.8GHz (24MB Cache, up to 5.1 GHz, 8 cores, 16 Threads); AMD XDNA™ NPU up to 16TOPS AMD Ryzen™ 7 H 260 Processor 3.8GHz (24MB Cache, up to 5.1 GHz, 8 cores, 16 Threads); AMD XDNA™ NPU up to 16TOPS
A26: ASUS | B26: TUF Gaming A14 FA401KH-RG019W | C26: AMD Ryzen™ AI 7 350 | D26: NVIDIA® GeForce RTX™ 5050 | E26: 8GB GDDR7 | F26: 16GB*2 LPDDR5X 7500 on board, Max Capacity | G26: 1TB PCIe® 4.0 NVMe™ M.2 SSD | H26: 14-inch, 2.5K (2560 x 1600, WQXGA) 16:10 aspect ratio, IPS-level, Anti-glare display | I26: 2560 x 1600 | J26: 165 HZ | K26: Windows 11 Home | M26: 73WHrs, 4S1P, 4-cell Li-ion | N26: 1080P FHD IR Camera for Windows Hello | O26: 1x 3.5mm Combo Audio Jack 1x HDMI 2.1 FRL 2x USB 3.2 Gen 2 Type-A (data speed up to 10Gbps) 1x USB 3.2 Gen 2 Type-C with support for DisplayPort™ / G-SYNC (data speed up to 10Gbps) 1x Type-C USB 4 with support for DisplayPort™ / power delivery (data speed | P26: 311 x 227 x 16.9 x 19.9 mm | Q26: 1.46 Kg | R26: Grey | S26: 1 Year | T26: 66999 | V26: 2.0GHz (24MB Cache, up to 5.0GHz, 8 cores, 16 Threads); AMD XDNA™ NPU up to 50TOPS
A27: ASUS | B27: TUF Gaming A14 FA401UU-RG028W | C27: AMD Ryzen 7 8845HS | D27: NVIDIA® GeForce RTX™ 4050 6GB | E27: 6GB GDDR6 | F27: 16GB 8GB*2 LPDDR5X 7500 on board | G27: 512GB PCIe® 4.0 NVMe™ M.2 SSD | H27: 14-inch, 2.5K (2560 x 1600, WQXGA) 16:10 aspect ratio, IPS-level, Anti-glare display, sRGB:100.00%, Refresh Rate:165Hz, G-Sync, MUX Switch + NVIDIA® Advanced Optimus | I27: 2560 x 1600 | J27: 165 HZ | K27: Windows® 11 Home | L27: Backlit Chiclet Keyboard Single Light | M27: 73WHrs, 4S1P, 4-cell Li-ion | N27: 1080P FHD IR Camera for Windows Hello | O27: 1x 3.5mm Combo Audio Jack 1x HDMI 2.1 FRL 2x USB 3.2 Gen 2 Type-A (data speed up to 10Gbps) 1x USB 3.2 Gen 2 Type-C with support for DisplayPort™ (data speed up to 10Gbps) 1x Type-C USB 4 with support for DisplayPort™ / power delivery (data speed up to 40 | P27: 311 x 227 x 16.9 ~ 19.9 mm | Q27: 1.46 Kg | R27: Gray | S27: 1 Year | T27: 48888 | V27: 24MB Cache, up to 5.1 GHz, 8 cores, 16 Threads
A28: MSI | B28: Crosshair 18 HX AI A2XWGKG | C28: Intel Core Ultra 9 275HX | D28: Nvidia GeForce RTX 5070 8GB | E28: 8GB GDDR7 | F28: 32GB | G28: 1TB SSD | H28: 18” QHD+ (2560x1600), 240Hz, IPS-Level | I28: 2560x1600 | J28: 240 HZ | K28: Windows® 11 Home | L28: 24-Zone RGB Gaming Keyboard with Copilot Key | M28: 4-Cell 90 Battery (Whr) | N28: HD type (30fps@720p) 3D Noise Reduction (3DNR) | O28: 1x Thunderbolt™ 4 (DisplayPort™/ Power Delivery 3.0) 3x Type-A USB3.2 Gen1 1x HDMI™ 2.1 (8K @ 60Hz / 4K @ 120Hz) | P28: 404 x 280 x 25.6-29.9 mm | Q28: 3.1 kg | R28: Black | S28: 2 Years | T28: 94999 | W28: 9S7-184111-025
A29: MSI | B29: Vector 17 HX AI A2XWJG | C29: Intel Core Ultra 9 275HX | D29: NVIDIA® GeForce RTX™ 5090 24GB | E29: 24GB GDDR7 | F29: 32GB DDR5-6400 | G29: 1TB SSD | H29: 17” QHD+ (2560x1600), 240Hz, IPS-Level | I29: 2560x1600 | J29: 240 HZ | K29: Windows® 11 Home | L29: 24-Zone RGB Gaming Keyboard with Copilot Key | M29: 4-Cell 90 Battery (Whr) | N29: IR FHD type (30fps@1080p) with HDR 3D Noise Reduction+ (3DNR+) | O29: 2x Thunderbolt™ 5 (DisplayPort™/ Power Delivery 3.1) 2x Type-A USB3.2 Gen2 1x SD Express Card Reader 1x HDMI™ 2.1 (8K @ 60Hz / 4K @ 120Hz) | P29: 380.34 x 297.97 x 22.85-28.75 mm | Q29: 3 kg | R29: Cosmos Gray | S29: 2 years | T29: 228337 | W29: 9S7-17S372-204
A30: MSI | B30: Raider 18 HX AI A2XWJG | C30: Intel Core Ultra 9 285HX | D30: Nvidia GeForce RTX 5090 24GB | E30: 24GB GDDR7 | F30: 64GB DDR5 6400MHz 32GB*2 | G30: 2TB NVMe PCIe Gen5x4 SSD | H30: 18” UHD+, MiniLED, 120Hz | I30: 3840 x 2400 | J30: 120 Hz | K30: Windows® 11 Home | L30: Per-Key RGB Gaming Keyboard by SteelSeries with Copilot Key | M30: 4-Cell 99 Battery (Whr) | N30: IR FHD type (30fps@1080p) with HDR 3D Noise Reduction+ (3DNR+) | O30: 2x Thunderbolt™ 5 (DisplayPort™/ Power Delivery 3.1) 3x Type-A USB3.2 Gen2 1x SD Express Card Reader | P30: 404 x 307.5 x 24-32.05 mm | Q30: 3.6 kg | R30: Core Black | S30: 2 years | T30: 249999
A31: Acer | B31: Aspire 5 A515-57G-59VY | C31: Intel Core i5-1235U | D31: Nvidia GeForce RTX 2050 4GB | F31: 8GB DDR4 SDRAM | G31: 512GB PCIe NVMe SSD | H31: 15.6-inch Full HD (1920×1080) IPS, ComfyView (Matte), 16:9 aspect ratio | I31: 1920x1080 | K31: DOS | L31: Full-size keyboard | M31: 3-cell Li-Ion, 50Wh | N31: HD webcam | O31: 3 × USB Type-A 3.2 Gen 1 1 × USB Type-C 3.2 Gen 1 1 × HDMI 1 × Headphone/Microphone Combo Jack (3.5mm) 1 × RJ-45 (Ethernet Port) | P31: 362 x 237 x 17.9 mm | Q31: 1.8 kg | R31: Gray | S31: 1 Year | T31: 26699 | U31: 12th generation
A32: HP | B32: Victus 15-FA1023NIA | C32: Intel Core i5-13500H | D32: Nvidia GeForce RTX 3050 6GB | E32: 6GB GDDR6 dedicated | F32: 8 GB DDR4-3200 MT/s (1 x 8 GB) | G32: 512 GB PCIe® Gen4 NVMe™ M.2 SSD | H32: 39.6 cm (15.6") diagonal, FHD, 144 Hz, 9 ms response time, IPS, micro-edge, anti-glare, 250 nits, 45% NTSC | I32: 1920 x 1080 | J32: 144 Hz | K32: DOS | L32: Full-size, backlit, performance blue keyboard with numeric keypad | M32: 4-cell, 70 Wh Li-ion polymer | N32: HP Wide Vision 720p HD camera with temporal noise reduction and integrated dual array digital microphones | O32: 1 USB Type-A 5Gbps signaling rate; 1 USB Type-A 5Gbps signaling rate (HP Sleep and Charge); 1 USB Type-C® 5Gbps signaling rate (DisplayPort™ 1.4, HP Sleep and Charge); 1 HDMI 2.1; 1 RJ-45; 1 AC smart pin; 1 headphone/microphone combo | P32: 35.79 x 25.5 x 2.35 cm | Q32: 2.29 kg | R32: Performance blue | S32: 1 Year | T32: 34999 | U32: 13th generation | V32: up to 4.7 GHz with Intel® Turbo Boost Technology, 18 MB L3 cache, 12 cores, 16 threads | W32: 803C1EA
A33: MSI | B33: Thin 15 B2RVE | C33: Intel Core 7 240H | D33: Nvidia GeForce RTX 4050 6GB | E33: 6GB GDDR6 | F33: 16GB 2x 8GB | G33: 512GB M.2 SSD NVMe PCIe Gen4 | H33: 15.6" FHD (1920x1080), 144Hz, IPS-Level | I33: 1920 x 1080 | J33: 144 Hz | K33: DOS | L33: Single Backlit Keyboard (Blue) with Copilot Key | M33: 3-Cell 52.4 Battery (Whr) | N33: HD type (30fps@720p) | O33: 1x Type-C (USB3.2 Gen1 / DisplayPort™) 3x Type-A USB3.2 Gen1 1x HDMI™ (4K @ 30Hz) | P33: 359 x 254 x 21.7 mm | Q33: 1.86 kg | R33: Cosmos Gray | S33: 2 Years | T33: 41999
A34: MSI | B34: Katana 15 HX B14WFK | C34: Intel® Core™ i7-14650HX | D34: NVIDIA® GeForce RTX™ 5060 Laptop GPU | E34: GDDR7 8GB | F34: DDR5 8GB*2 | G34: 512GB NVMe PCIe SSD Gen4x4 w/o DRAM | H34: 15.6" QHD (2560*1440), 165Hz DCI-P3 100% typical | I34: 2560*1440 | K34: DOS | L34: 4-Zone RGB Gaming Keyboard | M34: 4 cell, 75Whr | N34: HD type (30fps@720p) | O34: 1x Type-C (USB3.2 Gen2 / DisplayPort™/ Power Delivery 3.0) 3x Type-A USB3.2 Gen2 1x HDMI™ 2.1 (8K @ 60Hz / 4K @ 120Hz) | P34: 359 x 262 x 25.5 mm | Q34: 2.4 kg | R34: Black | S34: 2 Years | T34: 61999
A35: MSI | B35: Katana 15 HX B14WFK | C35: Intel® Core™ i9-14900HX | D35: NVIDIA® GeForce RTX™ 5060 | E35: 8GB GDDR7 | F35: 16GB 8GB*2 DDR5 | G35: 1TB NVMe PCIe SSD Gen4x4 | H35: 15.6" QHD, 165Hz DCI-P3 100% typical | I35: 2560*1440 | J35: 165 HZ | K35: Windows® 11 Home | L35: 4-Zone RGB Gaming Keyboard with Copilot Key | M35: 4 cell, 75Whr | N35: HD type (30fps@720p) | O35: 1x Type-C (USB3.2 Gen2 / DisplayPort™/ Power Delivery 3.0) 3x Type-A USB3.2 Gen2 1x HDMI™ 2.1 (8K @ 60Hz / 4K @ 120Hz) | P35: 359 x 262 x 25.5 mm | Q35: 2.4 kg | R35: Black | S35: 2 Years | T35: 69999 | U35: 14th generation
A36: Lenovo | B36: LOQ 15ARP9 | C36: AMD Ryzen™ 7 7435HS | D36: NVIDIA® GeForce RTX™ 4050 6GB GDDR6 | E36: 6GB GDDR6 | F36: 12GB SO-DIMM DDR5-4800 | G36: 512GB SSD M.2 2242 PCIe® 4.0x4 NVMe® | H36: 15.6" FHD IPS 300nits Anti-glare, 100% sRGB, 144Hz, G-SYNC® | I36: 1920x1080 | J36: 144 Hz | K36: DOS | L36: White Backlit, Arabic | M36: 60Wh | N36: HD 720p with E-Shutter | O36: 3x USB-A (USB 5Gbps / USB 3.2 Gen 1) 1x USB-C® (USB 10Gbps / USB 3.2 Gen 2), with Lenovo® PD 140W and DisplayPort™ 1.4 1x HDMI® 2.1, up to 8K/60Hz 1x Headphone / microphone combo jack (3.5mm) 1x Ethernet (RJ-45) 1x Power connector | P36: 359.86 x 258.7 x 21.9-23.9 mm | Q36: 2.38 kg | R36: Luna Grey | S36: 1 Year | T36: 39999 | V36: 8C / 16T, 3.1 / 4.5GHz, 4MB L2 / 16MB L3 | W36: 83JC00H2ED
A37: HP | B37: Victus 16-r0053nia | C37: Intel® Core™ i7-13700H | D37: NVIDIA® GeForce RTX™ 3050 | E37: 6 GB GDDR6 | F37: 16 GB DDR5-5200 MT/s | G37: 1 TB PCIe® Gen4 NVMe™ M.2 SSD | H37: 16.1" diagonal, FHD, 144 Hz, IPS, micro-edge, anti-glare, 250 nits, 45% NTSC | I37: 1920 x 1080 | J37: 144 Hz | K37: DOS | L37: Full-size, backlit, performance blue opaque keyboard with numeric keypad | M37: 4-cell, 70 Wh Li-ion polymer | N37: HP True Vision 1080p FHD camera with temporal noise reduction and integrated dual array digital microphones | O37: 1 USB Type-A 5Gbps signaling rate (HP Sleep and Charge); 1 USB Type-C® 5Gbps signaling rate (USB Power Delivery, DisplayPort™ 1.4, HP Sleep and Charge); 2 USB Type-A 5Gbps signaling rate; 1 HDMI 2.1; 1 RJ-45; 1 AC smart pin; 1 headphone/microphone combo | P37: 369 x 259 x 22.9 mm | Q37: 2.31 kg | R37: Performance blue | S37: 1 Year | T37: 42999 | U37: 13th generation | V37: up to 5.0 GHz with Intel® Turbo Boost Technology, 24 MB L3 cache, 14 cores, 20 threads | W37: 81Q11EA
A38: Lenovo | B38: LOQ 15ARP9 | C38: AMD Ryzen 7 7435HS | D38: Nvidia GeForce RTX 4060 8GB | E38: 8GB GDDR6 | F38: 1x 12GB SO-DIMM DDR5-4800 | G38: 512GB SSD M.2 2242 PCIe® 4.0x4 NVMe® | H38: 15.6" FHD IPS 300nits Anti-glare, 100% sRGB, 144Hz, G-SYNC® | I38: 1920 x 1080 | J38: 144 Hz | K38: DOS | L38: White Backlit, Arabic | M38: 60Wh | N38: HD 720p with E-Shutter | O38: 3x USB-A (USB 5Gbps / USB 3.2 Gen 1) 1x USB-C® (USB 10Gbps / USB 3.2 Gen 2), with Lenovo® PD 140W and DisplayPort™ 1.4 1x HDMI® 2.1, up to 8K/60Hz 1x Headphone / microphone combo jack (3.5mm) 1x Ethernet (RJ-45) 1x Power connector | P38: 359.86 x 258.7 x 21.9-23.9 mm | Q38: 2.38 kg | R38: Luna Grey | S38: 1 year | T38: 47777 | V38: (8C / 16T, 3.1 / 4.5GHz, 4MB L2 / 16MB L3) | W38: 83JC00H1ED
A39: Dell | B39: G15 5530 | C39: Intel Core I5-13450HX | D39: Nvidia GeForce RTX 3050 6GB | E39: 6GB GDDR6 | F39: 16GB, 1x16GB, DDR5, 4800MT/s | G39: 512GB, M.2, PCIe NVMe, SSD | H39: 15.6" FHD (1920x1080) 120Hz | I39: 1920 x 1080 | J39: 120 Hz | K39: DOS | L39: Arabic Qwerty 4-Zone RGB Backlit Keyboard with Numeric Keypad and G-Key | M39: 3-Cell Battery, 56WHr | O39: 1 headset (headphone and microphone combo) port 1 RJ45 Ethernet port 3 USB 3.2 Gen 1 ports 1 HDMI 2.1 port 1 USB-C 3.2 Gen 2 port with DisplayPort™ | P39: 357.26 x 274.52 x 26.95 mm | Q39: 2.81 kg | R39: Dark Gray | S39: 3 Years | T39: 37777 | U39: 13th generation | V39: 20 MB cache, 1 0 core, up to 4.60 GHz | X39: 180W AC Adapter
A40: Lenovo | B40: Legion Pro 5 16IRX10 | C40: Intel Core i7-14650HX | D40: Nvidia GeForce RTX 5050 8GB | E40: 8GB GDDR7 | F40: 1x 16GB SO-DIMM DDR5-5600 | G40: 512GB SSD M.2 2242 PCIe® 4.0x4 NVMe® | H40: 16" WQXGA IPS 500nits Anti-glare, 100% DCI-P3, 240Hz, DisplayHDR™ 400, Dolby Vision®, G-SYNC®, Low Blue Light, High Gaming Performance | I40: 2560x1600 | J40: 240 HZ | K40: Windows® 11 Home | L40: 24-Zone RGB Backlit, Arabic | M40: 80Wh | N40: 5.0MP with E-shutter | O40: 2x USB-A (USB 5Gbps / USB 3.2 Gen 1) 1x USB-A (USB 10Gbps / USB 3.2 Gen 2), Always On 1x USB-C® (USB 10Gbps / USB 3.2 Gen 2), with USB PD 65-100W and DisplayPort™ 2.1 1x USB-C® (USB 10Gbps / USB 3.2 Gen 2), with DisplayPort™ 1.4 1x HDMI® 2.1, up to 8K/60H | P40: 364.38 x 268.06 x 21.69-25.95 mm | Q40: 2.4 kg | R40: Eclipse Black | S40: 2 Years | T40: 66666 | U40: 14th generation | V40: 16C (8P + 8E) / 24T, P-core 2.2 / 5.2GHz, E-core 1.6 / 3.7GHz, 30MB | W40: 83NN001SED
A41: HP | B41: Victus 15-fa1034nia | C41: Intel® Core™ i5-13420H | D41: NVIDIA® GeForce RTX™ 2050 | E41: 4 GB GDDR6 | F41: 8 GB DDR4-3200 MT/s | G41: 512 GB PCIe® Gen4 NVMe™ M.2 SSD | H41: 15.6" diagonal, FHD, 144 Hz, 9 ms response time, IPS, micro-edge, anti-glare, 250 nits, 45% NTSC | I41: 1920 x 1080 | J41: 144 Hz | K41: DOS | L41: Full-size, backlit, mica silver keyboard with numeric keypad | M41: Up to 6 hours and 30 minutes 7 | O41: 1 USB Type-A 5Gbps signaling rate; 1 USB Type-A 5Gbps signaling rate (HP Sleep and Charge); 1 USB Type-C® 5Gbps signaling rate (DisplayPort™ 1.4, HP Sleep and Charge); 1 HDMI 2.1; 1 RJ-45; 1 AC smart pin; 1 headphone/microphone combo | P41: 357.9 x 255 x 23.5 mm | Q41: 2.29 kg | R41: Black | S41: 1 Year | T41: 30999 | U41: 13th generation | V41: up to 4.6 GHz with Intel® Turbo Boost Technology, 12 MB L3 cache, 8 cores, 12 threads | W41: 801R1EA
A42: HP | B42: Victus 15-fa1033nia | C42: Intel® Core™ i5-13420H | D42: NVIDIA® GeForce RTX™ 2050 | E42: 4 GB GDDR6 | F42: 8 GB DDR4-3200 MT/s | G42: 512 GB PCIe® Gen4 NVMe™ M.2 SSD | H42: 15.6" diagonal, FHD, 144 Hz, 9 ms response time, IPS, micro-edge, anti-glare, 250 nits, 45% NTSC | I42: 1920 x 1080 | J42: 144 Hz | K42: DOS | L42: Full-size, backlit, performance blue keyboard with numeric keypad | M42: Supports battery fast charge: approximately 50% in 30 minutes | O42: 1 USB Type-A 5Gbps signaling rate; 1 USB Type-A 5Gbps signaling rate (HP Sleep and Charge); 1 USB Type-C® 5Gbps signaling rate (DisplayPort™ 1.4, HP Sleep and Charge); 1 HDMI 2.1; 1 RJ-45; 1 AC smart pin; 1 headphone/microphone combo | P42: 357.9 x 255 x 23.5 mm | Q42: 2.29 kg | R42: Performance blue | S42: 1 Year | T42: 31899 | U42: 13th generation | V42: up to 4.6 GHz with Intel® Turbo Boost Technology, 12 MB L3 cache, 8 cores, 12 threads | W42: 801R0EA
A43: Lenovo | B43: Legion 5 15IRX10 | C43: Intel® Core i9-14900HX | D43: Nvidia GeForce RTX 5070 8GB | E43: 8GB GDDR7 | F43: 32GB 2x 16GB SO-DIMM DDR5-5600 | G43: 1TB SSD M.2 2242 PCIe® 4.0x4 NVMe® | H43: 15.1" WQXGA OLED 500nits glossy, 100% DCI-P3, 165Hz, Dolby Vision®, DisplayHDR™ True Black 600 | I43: 2560 x 1600 | J43: 165 HZ | K43: DOS | L43: 24-Zone RGB Backlit, English (UK) | M43: 80Wh | N43: 5.0MP with E-shutter | O43: 2x USB-A (USB 5Gbps / USB 3.2 Gen 1) 1x USB-A (USB 5Gbps / USB 3.2 Gen 1), Always On 1x USB-C® (USB 10Gbps / USB 3.2 Gen 2), with USB PD 65-100W and DisplayPort™ 2.1 1x USB-C® (USB 10Gbps / USB 3.2 Gen 2), with DisplayPort™ 1.4 1x HDMI® 2.1, up to 8K/60Hz | P43: 344.9 x 255.35 x 19.95-21.54 mm | Q43: 1.9 kg | R43: Eclipse Black | S43: 1 year | T43: 113000 | U43: 14th generation | V43: 24C (8P + 16E) / 32T, P-core 2.2 / 5.8GHz, E-core 1.6 / 4.1GHz, 36MB | W43: 83LY0077PS
A44: ASUS | B44: ROG Strix G16 ​G614FM-RV169W | C44: AMD Ryzen 9 9955HX | D44: Nvidia GeForce RTX 5060 8GB | E44: 8GB GDDR6 | F44: 16GB DDR5 | G44: 1TB PCIe 4.0 NVMe SSD | H44: 16” FHD+ (1920x1200), 165Hz, WUXGA IPS, 16:10 aspect ratio | I44: 1920 x 1200 | J44: 165 HZ | K44: Windows® 11 Home | L44: RGB Keyboard Per-key Aura Sync lighting | M44: 90WHrs, 4S1P, 4-cell Li-ion | O44: 1x RJ45 LAN port 1x Type-C USB 4 with support for DisplayPort™ / G-SYNC (data speed up to 40Gbps) 1x Type-C USB 4 with support for DisplayPort™ / power delivery / G-SYNC (data speed up to 40Gbps) 2x USB 3.2 Gen 2 Type-A (data speed up to 10Gbps)" | P44: 354 x 264 x 22.6 ~ 30.4 mm | Q44: 2.50 Kg | R44: Eclipse Gray | S44: 1 year | T44: 92999 | V44: 2.5GHz (80MB Cache, up to 5.4GHz, 16 cores, 32 Threads) | W44: 90NR0L17-M001B0
A45: ASUS | B45: TUF Gaming F16 FX607VJ-RL805W | C45: Intel Core 5 210H | D45: Nvidia GeForce RTX 3050 | F45: 8GB DDR4 | G45: 512GB PCIe® 4.0 NVMe™ M.2 SSD | H45: 16 FHD+ 16:10 (1920 x 1200, WUXGA) 144HZ | I45: 1920 x 1200 | J45: 144 Hz | K45: Windows® 11 Home | M45: 56WHrs, 4S1P, 4-cell Li-ion | N45: 720P HD camera | P45: 354 x 251 x 22.1 ~ 26.7 mm | Q45: 2.20 Kg | R45: Mecha Gray | S45: 1 year | T45: 36666 | V45: 2.2 GHz (12MB Cache, up to 4.8 GHz, 8 cores, 12 Threads | W45: 90NR0MZ6-M000R0
A46: ASUS | B46: ROG Strix SCAR 18 G835LR-AI3201W | C46: Intel Core Ultra 9 275HX | D46: Nvidia GeForce RTX 5070 Ti 12GB | E46: 12GB GDDR7 | F46: 16GB DDR5-5600 SO-DIMM | G46: 1TB PCIe® 4.0 NVMe™ M.2 Performance SSD | H46: ROG Nebula Display 18-inch 2.5K (2560 x 1600, WQXGA) 16:10 aspect ratio IPS-level anti-glare display DCI-P3: 100% Refresh Rate: 240Hz G-Sync Pantone Validated MUX Switch + NVIDIA® Advanced Optimus Support Dolby Vision HDR : Yes | I46: 2560 x 1600 | J46: 240 HZ | K46: Windows® 11 Home | L46: Backlit Chiclet Keyboard Per-Key RGB Touchpad | M46: 90WHrs, 4S1P, 4-cell Li-ion | N46: 1080P FHD IR Camera for Windows Hello | O46: 1x 3.5mm Combo Audio Jack 1x HDMI 2.1 FRL 3x USB 3.2 Gen 2 Type-A (data speed up to 10Gbps) 1x 2.5G LAN port 2x Thunderbolt™ 5 with support for DisplayPort™ / power delivery / G-SYNC (data speed up to 120Gbps) | P46: 399 x 298 x 23.5 mm | Q46: 3.30 Kg | R46: off Black | S46: 1 year | T46: 164888 | V46: 2.7 GHz (36MB Cache, up to 5.4 GHz, 24 cores, 24 Threads); Intel® AI Boost NPU up to 13TOPS | W46: 90NR0LS1-M00200
A47: ASUS | B47: ROG Strix G16 G615LR-VG132W | C47: Intel Core Ultra 9 275HX | D47: Nvidia GeForce RTX 5070Ti 12GB | E47: 12GB GDDR7 | F47: 32GB DDR5-5600 SO-DIMM | G47: 1TB PCIe® 4.0 NVMe™ M.2 SSD | H47: 16-inch FHD+ 16:10 (1920 x 1200, WUXGA) IPS-level anti-glare display sRGB: 100% Refresh Rate: 165Hz Response Time: 3ms G-Sync MUX Switch + NVIDIA® Advanced Optimus Support Dolby Vision HDR : Yes | I47: 1920 x 1200 | J47: 165 HZ | K47: Windows® 11 Home | L47: Backlit Chiclet Keyboard 4-Zone RGB Touchpad With Copilot key | M47: 90WHrs, 4S1P, 4-cell Li-ion | N47: 1080P FHD IR Camera for Windows Hello | O47: 1x 3.5mm Combo Audio Jack 1x HDMI 2.1 FRL 3x USB 3.2 Gen 2 Type-A (data speed up to 10Gbps) 1x 2.5G LAN port 2x Thunderbolt™ 5 with support for DisplayPort™ / power delivery / G-SYNC (data speed up to 120Gbps) | P47: 354 x 268 x 22.8 ~ 30.8 mm | Q47: 2.65 Kg | R47: Eclipse Gray | S47: 1 year | T47: 135000 | V47: 2.7 GHz (36MB Cache, up to 5.4 GHz, 24 cores, 24 Threads); Intel® AI Boost NPU up to 13TOPS | W47: 90NR0LR2-M005L0
A48: ASUS | B48: ROG Strix G16 G614JVR-N3044W | C48: Intel Core I9-14900HX | D48: Nvidia GeForce RTX 4060 8GB | E48: 8GB GDDR6 | F48: 16GB Ram | G48: 1TB PCIe® 4.0 NVMe™ M.2 SSD | H48: 16-inch FHD+ 16:10 (1920 x 1200, WUXGA) IPS-level anti-glare display sRGB: 100% Refresh Rate: 165Hz Response Time: 7ms G-Sync MUX Switch + NVIDIA® Advanced Optimus Support Dolby Vision HDR : Yes | I48: 1920 x 1200 | J48: 165 HZ | K48: Windows® 11 Home | L48: Backlit Chiclet Keyboard Per-Key RGB Touchpad Support NumberPad | M48: 90WHrs, 4S1P, 4-cell Li-ion | N48: 720P HD camera | O48: 1x 3.5mm Combo Audio Jack 1x HDMI 2.1 FRL 1x USB 3.2 Gen 2 Type-C support displayport / power delivery / G-SYNC 2x USB 3.2 Gen 2 Type-A (data speed up to 10Gbps) 1x RJ45 LAN port 1x Thunderbolt™ 4 with support for DisplayPort™ (data speed up to 40Gbps) | P48: 354 x 264 x 22.6 ~ 30.4 mm | Q48: 2.50 Kg | R48: Eclipse Gray | S48: 1 year | T48: 85399 | U48: 14th generation | V48: 2.2 GHz (36MB Cache, up to 5.8 GHz, 24 cores, 32 Threads) | W48: 90NR0II5-M001P0
A49: MSI | B49: Sword 16 HX B14VFKG | C49: Intel Core i9-14900HX | D49: Nvida GeForce RTX 4060 8GB | E49: 8GB GDDR6 | F49: 16GB DDR5 8GB*2 | G49: 1TB NVMe PCIe SSD Gen4x4 | H49: 16" 16:10 FHD+ (1920 x 1200), 144Hz, IPS-level panel | I49: 1920 x 1080 | J49: 144 Hz | K49: DOS | L49: 24-Zone RGB Gaming Keyboard with Copilot Key | M49: 4-Cell 65 Battery (Whr) | N49: HD type (30fps@720p) 3D Noise Reduction (3DNR) | O49: 1x Type-C (USB3.2 Gen2 / DisplayPort™/ Power Delivery 3.0) 3x Type-A USB3.2 Gen1 1x HDMI™ 2.1 (8K @ 60Hz / 4K @ 120Hz) | P49: 359 x 266.4 x 21.8-27.7 mm | Q49: 2.3 kg | R49: Cosmos Gray | S49: 1 year | T49: 69999 | U49: 14th generation | V49: 36M Cache, up to 5.80 GHz
A50: Lenovo | B50: LOQ 15IAX9 | C50: Intel Core I5-12450HX | D50: Nvidia GeForce RTX 2050 4GB | E50: 4GB GDDR6 | F50: 1x 12GB SO-DIMM DDR5-4800 | G50: 512GB SSD M.2 2242 PCIe® 4.0x4 NVMe® | H50: 15.6" FHD IPS 300nits Anti-glare, 100% sRGB, 144Hz, G-SYNC® | I50: 1920 x 1080 | J50: 144 Hz | K50: Windows 11 Home | L50: White backlit, English (US) | M50: 60Wh | N50: HD 720p with E-Shutter | O50: 3x USB-A (USB 5Gbps / USB 3.2 Gen 1) 1x USB-C® (USB 10Gbps / USB 3.2 Gen 2), with Lenovo® PD 140W and DisplayPort™ 1.4 1x HDMI® 2.1, up to 8K/60Hz 1x Headphone / microphone combo jack (3.5mm) 1x Ethernet (RJ-45) 1x Power connector | P50: 359.86 x 258.7 x 21.9-23.9 mm | Q50: 2.38 kg | R50: Luna Grey | S50: 2 Years | T50: 30777 | U50: 12th generation | V50: 8C (4P + 4E) / 12T, P-core up to 4.4GHz, E-core up to 3.1GHz, 12MB
A51: ASUS | B51: ROG Zephyrus G16 GU605MI-G16.U94070 | C51: Intel Core Ultra 9 185H | D51: Nvidia Geforce RTX 4070 | E51: 8GB | F51: 16GB RAM | G51: 1TB SSD | H51: ROG Nebula Display 16-inch 2.5K (2560 x 1600, WQXGA) 16:10 aspect ratio OLED glossy display Refresh Rate: 240Hz | I51: 2560 x 1600 | J51: 240 HZ | K51: Windows® 11 Home | L51: Backlit Chiclet Keyboard 1-Zone RGB Touchpad | M51: 90WHrs, 4S1P, 4-cell Li-ion | N51: 1080P FHD IR Camera for Windows Hello | O51: 1x 3.5mm Combo Audio Jack 1x HDMI 2.1 FRL 2x USB 3.2 Gen 2 Type-A (data speed up to 10Gbps) 1x USB 3.2 Gen 2 Type-C with support for DisplayPort™ / power delivery (data speed up to 10Gbps) 1x Thunderbolt™ 4 with support for DisplayPort™ / power delivery ( | P51: 354 x 246 x 149 ~ 174 mm | Q51: 1.95 Kg | R51: Gray | S51: 1 year | T51: 108000 | V51: 24MB Cache, up to 5.1 GHz, 16 cores, 22 Threads); Intel® AI Boost NPU | W51: 90NR0IS1-M007T0
A52: MSI | B52: Stealth 16 AI Studio A1VGG | C52: Intel Core Ultra 9 185H | D52: Nvidia GeForce RTX 4070 8GB | E52: 8GB GDDR6 | F52: 32GB Ram DDR5-5600 | G52: 1 TB NVMe PCIe Gen4 SSD | H52: 16” QHD+ (2560x1600), 240Hz, IPS-Level | I52: 2560x1600 | J52: 240 HZ | K52: Windows® 11 Home | L52: Per-Key RGB Gaming Keyboard by SteelSeries with Copilot Key | M52: 4-Cell 99.9 Battery (Whr) | N52: IR FHD type (30fps@1080p) with HDR 3D Noise Reduction+ (3DNR+) | O52: 1x Type-C (USB3.2 Gen2 / DisplayPort™) 1x Thunderbolt™ 4 (DisplayPort™/ Power Delivery 3.0) 1x Type-A USB3.2 Gen2 1x Micro SD Card Reader 1x HDMI™ 2.1 (8K @ 60Hz / 4K @ 120Hz) | P52: 355.8 x 259.7 x 19.95 mm | Q52: 1.99 kg | R52: Star Blue | S52: 1 year | T52: 104999 | V52: 24M Cache, up to 5.10 GHz
A53: MSI | B53: Vector 16 HX AI A2XWIG | C53: Intel Core Ultra 9 275HX | D53: Nvidia GeForce RTX 5080 16GB | E53: 16GB GDDR7 | F53: 16GB DDR5-6400 | G53: 1TB SSD | H53: 16” QHD+, 240Hz, IPS-Level | I53: 2560x1600 | J53: 240 HZ | K53: Windows 11 Home | L53: 24-Zone RGB Gaming Keyboard with Copilot Key | M53: 4-Cell 90 Battery (Whr) | N53: IR FHD type (30fps@1080p) with HDR 3D Noise Reduction+ (3DNR+) | O53: 2x Thunderbolt™ 5 (DisplayPort™/ Power Delivery 3.1) 2x Type-A USB3.2 Gen2 1x SD Express Card Reader 1x HDMI™ 2.1 (8K @ 60Hz / 4K @ 120Hz) | P53: 357 x 284 x 22.20-28.55 mm | Q53: 2.7 kg | R53: Cosmos Gray | S53: 2 years | T53: 151999
A54: HP | B54: Omen 16-AE0075CL | C54: Intel Core i7-14700HX | D54: Nvidia GeForce RTX 4070 8GB | E54: 8 GB GDDR6 | F54: 16 GB DDR5-5600 MT/s (2 x 8 GB) | G54: 1 TB PCIe® NVMe™ M.2 SSD | H54: 16.1" diagonal FHD 144Hz display | I54: 1920 x 1080 | J54: 144 Hz | K54: Windows 11 Home | L54: Full-size, 1-zone RGB backlit, shadow black keyboard with numeric keypad | M54: 4-cell, 70 Wh Li-ion polymer | N54: HP True Vision 1080p FHD camera with temporal noise reduction and integrated dual array digital microphones | O54: 1 USB Type-C® 5Gbps signaling rate (USB Power Delivery, DisplayPort™ 1.4, HP Sleep and Charge); 2 USB Type-A 5Gbps signaling rate; 1 USB Type-A 5Gbps signaling rate (HP Sleep and Charge); 1 AC smart pin; 1 HDMI-out 2.1; 1 headphone/microphone combo; 1 RJ- | P54: 14.53 x 10.21 x 0.94 in | Q54: 2.31 Kg | R54: Meteor silver | S54: 1 year | T54: 82399 | U54: 14th generation | V54: up to 5.5 GHz with Intel® Turbo Boost Technology, 33 MB L3 cache, 20 cores, 28 threads | W54: AM9B3UA
A55: MSI | B55: Vector 16 HX A14VIG | C55: Intel Core I9-14900HX | D55: Nvidia GeForce RTX 4090 16GB | E55: 16GB GDDR6 | F55: 32GB Ram | G55: 1TB M.2 SSD | H55: 16” QHD+ (2560x1600), 240Hz, IPS-Level | I55: 2560x1600 | J55: 240 HZ | K55: Windows 11 | L55: Per-Key RGB Gaming Keyboard by SteelSeries with Copilot Key | M55: 4-Cell 90 Battery (Whr) | N55: HD type (30fps@720p) 3D Noise Reduction (3DNR) | O55: 1x Thunderbolt™ 4 (DisplayPort™) 1x Type-C (USB3.2 Gen2 / DisplayPort™) 1x Type-C (USB3.2 Gen2 / DisplayPort™/ Power Delivery 3.0) 1x Type-A USB3.2 Gen1 1x Type-A USB3.2 Gen2 1x SD Express Card Reader 1x HDMI™ 2.1 (8K @ 60Hz / 4K @ 120Hz) | P55: 357 x 284 x 22.20-28.55 mm | Q55: 2.7 kg | R55: Cosmos Gray | S55: 1 year | T55: 179888 | U55: 14th generation
A56: MSI | B56: Vector 16 HX AI A2XWHG | C56: Intel Core Ultra 9 275HX | D56: GeForce RTX™ 5070 Ti | E56: 12GB GDDR7 | F56: 32GB 2 x 16 Up to DDR5-6400 | G56: 1TB NVMe PCIe SSD Gen4x4 w/o DRAM | H56: 16" 16:10 QHD, 240Hz, 100% DCI-P3, IPS-level panel | I56: 2560x1600 | J56: 240 HZ | K56: Windows11 Home | L56: 24-Zone RGB Gaming Keyboard with Copilot Key | M56: 4-Cell 90 Battery (Whr) | N56: IR FHD type (30fps@1080p) with HDR 3D Noise Reduction+ (3DNR+) | O56: 2x Thunderbolt™ 5 (DisplayPort™/ Power Delivery 3.1) 2x Type-A USB3.2 Gen2 1x SD Express Card Reader 1x HDMI™ 2.1 (8K @ 60Hz / 4K @ 120Hz) | P56: 357 x 284 x 22.20-28.55 mm | Q56: 2.7 kg | R56: Cosmos Gray | S56: 2 Years | T56: 129999
A57: MSI | B57: Vector 16 HX AI A2XWIG | C57: Intel Core Ultra 9 275HX | D57: Nvidia GeForce RTX 5080 | E57: 16GB GDDR7 | F57: 32GB 2 x 16 DDR5-6400 | G57: 1TB NVMe PCIe SSD Gen4x4 w/o DRAM | H57: 16" 16:10 QHD, 240Hz, 100% DCI-P3, IPS-level panel | I57: 2560x1600 | J57: 240 HZ | K57: Windows11 Home | L57: 24-Zone RGB Gaming Keyboard with Copilot Key | M57: 4-Cell 90 Battery (Whr) | N57: IR FHD type (30fps@1080p) with HDR 3D Noise Reduction+ (3DNR+) | O57: 2x Thunderbolt™ 5 (DisplayPort™/ Power Delivery 3.1) 2x Type-A USB3.2 Gen2 1x SD Express Card Reader 1x HDMI™ 2.1 (8K @ 60Hz / 4K @ 120Hz) | P57: 357 x 284 x 22.20-28.55 mm | Q57: 2.7 kg | R57: Cosmos Gray | S57: 2 Years | T57: 169999
A58: MSI | B58: Titan 18 HX AI A2XWJG | C58: Intel Core Ultra 9 285HX | D58: Nvidia GeForce RTX™ 5090 | E58: 24GB GDDR7 | F58: 64GB DDR5 6400MHz 32GB*2 | G58: 4TB SSD - 2TB NVMe PCIe Gen5x4 SSD + 2TB NVMe PCIe Gen4x4 SSD | H58: 18" 16:10 UHD+ (3840x2400), MiniLED, 120Hz, 100% DCI-P3 (Typ.), IPS-Level panel | I58: 3840x2400 | J58: 120 Hz | K58: Windows11 Home | L58: Cherry Mechanical Per-Key RGB Gaming Keyboard by SteelSeries with Copilot Key | M58: 4-Cell 99 Battery (Whr) | N58: IR FHD type (30fps@1080p) with HDR 3D Noise Reduction+ (3DNR+) | O58: 2x Thunderbolt™ 5 (DisplayPort™/ Power Delivery 3.1) 3x Type-A USB3.2 Gen2 1x SD Express Card Reader 1x HDMI™ 2.1 (8K @ 60Hz / 4K @ 120Hz) | P58: 404 x 307.5 x 24-32.05 mm | Q58: 3.6 kg | R58: Core Black | S58: 2 Years | T58: 299999
A59: Lenovo | B59: LOQ 15IRX9 | C59: Intel® Core™ i5-13450HX | D59: NVIDIA® GeForce RTX™ 3050 | E59: 6GB GDDR6 | F59: 2x 12GB SO-DIMM DDR5-4800 | G59: 512GB SSD M.2 2242 PCIe® 4.0x4 NVMe® | H59: 15.6" FHD IPS 300nits Anti-glare, 100% sRGB, 144Hz, G-SYNC® | I59: 1920x1080 | J59: 144 Hz | L59: White Backlit, Arabic | M59: 60Wh | N59: FHD 1080p with E-shutter | O59: 3x USB-A (USB 5Gbps / USB 3.2 Gen 1) 1x USB-C® (USB 10Gbps / USB 3.2 Gen 2), with Lenovo® PD 140W and DisplayPort™ 1.4 1x HDMI® 2.1, up to 8K/60Hz 1x Headphone / microphone combo jack (3.5mm) 1x Ethernet (RJ-45) 1x Power connector | P59: 359.86 x 258.7 x 21.9-23.9 mm | Q59: 2.38 kg | R59: Luna Grey | S59: 2 Years | T59: 36666 | U59: 13th generation | V59: 10C (6P + 4E) / 16T, P-core 2.4 / 4.6GHz, E-core 1.8 / 3.4GHz, 20MB | W59: 83DV012HED
A60: ASUS | B60: ROG Strix SCAR 16 G635LW-AI264W | C60: Intel Core Ultra 9 275HX | D60: Nvidia GeForce RTX 5080 | E60: 16GB GDDR7 | F60: 64GB DDR5-5600 SO-DIMM | G60: 2TB PCIe® 4.0 NVMe™ M.2 Performance SSD | H60: 16-inch 2.5K, WQXGA 16:10 aspect ratio IPS-level anti-glare display DCI-P3: 100% Refresh Rate: 240Hz Response Time: 3ms G-Sync Pantone Validated MUX Switch + NVIDIA® Advanced Optimus Support Dolby Vision HDR : Yes | I60: 2560 x 1600 | J60: 240 HZ | K60: Windows11 Home | L60: Backlit Chiclet Keyboard Per-Key RGB Touchpad | M60: 90WHrs, 4S1P, 4-cell Li-ion | N60: 1080P FHD IR Camera for Windows Hello | O60: 1x 3.5mm Combo Audio Jack 1x HDMI 2.1 FRL 3x USB 3.2 Gen 2 Type-A (data speed up to 10Gbps) 1x 2.5G LAN port 2x Thunderbolt™ 5 with support for DisplayPort™ / power delivery / G-SYNC (data speed up to 120Gbps) | P60: 354 x 268 x 22.8 x 30.8 mm | Q60: 2.80 Kg | R60: Black | S60: 1 Year | T60: 193999 | V60: 2.7 GHz (36MB Cache, up to 5.4 GHz, 24 cores, 24 Threads); Intel® AI Boost NPU up to 13TOPS | W60: 90NR0LD1-M00710
A61: ASUS | B61: ROG Strix SCAR 16 G635LR-AI321W | C61: ​Intel Core Ultra 9 275HX | D61: NVIDIA® GeForce RTX™ 5070 Ti | E61: 12GB GDDR7 | F61: 32GB DDR5-5600 SO-DIMM | G61: 1TB PCIe® 4.0 NVMe™ M.2 Performance SSD | H61: 16-inch 2.5K WQXGA 16:10 aspect ratio IPS-level anti-glare display DCI-P3: 100% Refresh Rate: 240Hz Response Time: 3ms G-Sync Pantone Validated MUX Switch + NVIDIA® Advanced Optimus Support Dolby Vision HDR : Yes | I61: 2560 x 1600 | J61: 240 HZ | K61: Windows11 Home | L61: Backlit Chiclet Keyboard Per-Key RGB Touchpad | M61: 90WHrs, 4S1P, 4-cell Li-ion | N61: 1080P FHD IR Camera for Windows Hello | O61: 1x 3.5mm Combo Audio Jack 1x HDMI 2.1 FRL 3x USB 3.2 Gen 2 Type-A (data speed up to 10Gbps) 1x 2.5G LAN port 2x Thunderbolt™ 5 with support for DisplayPort™ / power delivery / G-SYNC (data speed up to 120Gbps) | P61: 354 x 268 x 22.8 x 30.8 mm | Q61: 2.80 Kg | R61: Black | S61: 1 Year | T61: 155000 | V61: 2.7 GHz (36MB Cache, up to 5.4 GHz, 24 cores, 24 Threads); Intel® AI Boost NPU up to 13TOPS | W61: 90NR0LU1-M004R0
A62: ASUS | B62: ROG Zephyrus G16 GU605CR-QR232W | C62: Intel Core Ultra 9 285H | D62: Nvidia GeForce RTX 5070 | E62: 12GB GDDR7 | F62: 32GB LPDDR5X 7467 | G62: 2TB PCIe® 4.0 NVMe™ M.2 SSD | H62: 16 2.5K WQXGA OLED 240HZ | I62: 2560 x 1600 | J62: 240 HZ | K62: Windows11 Home | L62: RGB Backlit Chiclet Keyboard Touchpad | M62: 4-cell 90 Wh lithium-ion 4S1P battery | N62: 1080P FHD IR Camera for Windows Hello | O62: 1x 3.5mm Combo Audio Jack 1x HDMI 2.1 FRL 2x USB 3.2 Gen 2 Type-A (data speed up to 10Gbps) 1x Thunderbolt™ 4 with support for DisplayPort™ / power delivery (data speed up to 40Gbps) 1x card reader (SD) (UHS-II, 312MB/s) | P62: 354 x 246 x 14.9 x 17.4 mm | Q62: 1.95 Kg | R62: Gray | S62: 1 Year | T62: 147777 | V62: 2.9 GHz (24MB Cache, up to 5.4 GHz, 16 cores, 16 Threads); Intel® AI Boost NPU up to 13TOPS | W62: 90NR0LZ5-M009S0
A63: HP | B63: Omen Max AH0097 | C63: Intel® Core™ Ultra 9 275HX | D63: Nvidia GeForce RTX 5080 | E63: 16 GB | F63: 32 GB DDR5-5600 MT/s (2 x 16 GB) | G63: 1 TB PCIe® Gen4 NVMe™ M.2 SSD | H63: 16" diagonal, WQXGA, 60-240 Hz, 3 ms response time, IPS, micro-edge, anti-glare, Low Blue Light, 500 nits, 100% sRGB | I63: 2560 x 1600 | J63: 240 HZ | K63: Windows11 Home | L63: Full-size, per key RGB backlit, shadow black keyboard with numeric keypad and NKRO Anti-Ghosting Key technology | M63: 6-cell, 83 Wh Li-ion polymer | N63: HP True Vision 1080p FHD IR camera with temporal noise reduction and integrated dual array digital microphones | O63: 2 Thunderbolt™ 4 with USB Type-C® 40Gbps signaling rate (USB Power Delivery, DisplayPort™ 2.1, HP Sleep and Charge); 2 USB Type-A 10Gbps signaling rate; 1 AC smart pin; 1 HDMI 2.1; 1 headphone/microphone combo; 1 RJ-45[19,42] | P63: 356 x 268 x22.8 mm | Q63: 2.76 kg | R63: Shadow Black | S63: 1 Year | T63: 200000 | V63: up to 5.4 GHz with Intel® Turbo Boost Technology, 36 MB L3 cache, 24 cores, 24 threads)[6,7] | W63: B64BNUA#ABA | Y63: Black
A64: HP | B64: Victus 16-R0026NIA | C64: Intel Core i5-13500H | D64: Nvidia GeForce RTX 4050 6GB | E64: 6GB GDDR6 dedicated | F64: 16 GB DDR5-5200 MT/s (2 x 8 GB) | G64: 512GB PCIe® Gen4 NVMe™ M.2 SSD | H64: 40.9 cm (16.1") diagonal, FHD, 144Hz, IPS, micro-edge, anti-glare, 250 nits, 45% NTSC | I64: 1920 x 1080 | J64: 144 Hz | K64: DOS | L64: Full-size, backlit, moonstone grey keyboard with numeric keypad | M64: 4-cell, 70 Wh Li-ion polymer | N64: HP True Vision 1080p FHD camera with temporal noise reduction and integrated dual array digital microphones | O64: 1 USB Type-A 5Gbps signaling rate (HP Sleep and Charge); 1 USB Type-C® 5Gbps signaling rate (USB Power Delivery, DisplayPort™ 1.4, HP Sleep and Charge); 2 USB Type-A 5Gbps signaling rate; 1 HDMI 2.1; 1 RJ-45; 1 AC smart pin; 1 headphone/microphone combo | P64: 369 x 259.4 x 22.9 mm | R64: Mica silver, black chrome logo | S64: 1 Year | T64: 41199 | U64: 13th generation | V64: up to 4.7 GHz with Intel® Turbo Boost Technology, 18 MB L3 cache, 12 cores, 16 threads | W64: 81P69EA
A65: Lenovo | B65: LOQ 15IRX9 | C65: Intel Core i7-14700HX | D65: Nvidia GeForce RTX 4060 8GB | E65: 8GB GDDR6 | F65: 16GB 2x 8GB SO-DIMM DDR5-5600 | G65: 1TB SSD M.2 2242 PCIe® 4.0x4 NVMe® | H65: 15.6" FHD (1920x1080) IPS 300nits Anti-glare, 100% sRGB, 144Hz, G-SYNC® | I65: 1920 X 1080 | J65: 144 Hz | K65: DOS | L65: White Backlit, Arabic | M65: Integrated 60Wh | N65: FHD 1080p with E-shutter | O65: 1x HDMI® 2.1, up to 8K/60Hz 1x Headphone / microphone combo jack (3.5mm) 1x Ethernet (RJ-45) 3x USB-A (USB 5Gbps / USB 3.2 Gen 1) 1x USB-C® (USB 10Gbps / USB 3.2 Gen 2), with Lenovo® PD 140W and DisplayPort™ 1.4 1x Power connector | P65: 359.86 x 258.7 x 21.9-23.9 mm | Q65: 2.38 kg | R65: Luna Grey | S65: 2 Years | T65: 58699 | U65: 14th generation | V65: 20C (8P + 12E) / 28T, P-core 2.1 / 5.5GHz, E-core 1.5 / 3.9GHz, 33MB | W65: 83DV00UUDP
A66: ASUS | B66: TUF Gaming F16 FX607VU-RL805W | C66: Intel Core 5 210H | D66: Nvidia GeForce RTX 4050 6GB | E66: 6GB GDDR6 | F66: 8GB DDR5-5600 SO-DIMM | G66: 512GB PCIe® 4.0 NVMe™ M.2 SSD | H66: 16-inch, FHD+ 16:10 (1920 x 1200, WUXGA), Value IPS-level, Anti-glare display, Refresh Rate:144Hz, Response Time:7ms, G-Sync, MUX Switch + NVIDIA® Advanced Optimus | I66: 1920 x 1200 | J66: 144 Hz | K66: Windows 11 Home | M66: 56WHrs, 4S1P, 4-cell Li-ion | N66: 720P HD camera | O66: 1x 3.5mm Combo Audio Jack 1x HDMI 2.1 FRL 2x USB 3.2 Gen 1 Type-A (data speed up to 5Gbps) 1x USB 3.2 Gen 2 Type-C with support for DisplayPort™ / power delivery / G-SYNC (data speed up to 10Gbps) 1x RJ45 LAN port 1x Thunderbolt™ 4 with support for Displa | P66: 354 x 251 x 22.1 ~ 26.7 mm | Q66: 2.20 Kg | R66: Mecha Gray | S66: 1 Year | T66: 39999 | V66: 12MB Cache, up to 4.8 GHz, 8 cores, 12 Threads
A67: ASUS | B67: Vivobook 16X K3605ZF-RP005W | C67: Intel Core I5-12500H | D67: Nvidia GeForce RTX 2050 4GB | E67: 4GB GDDR6 | F67: 8GB DDR4 on board | G67: 512GB M.2 NVMe™ PCIe® 4.0 SSD | H67: 16.0-inch, WUXGA 16:10 aspect ratio, IPS-level Panel, LED Backlit, 144Hz refresh rate, 300nits, 45% NTSC color gamut, Anti-glare display, TÜV Rheinland-certified, (Screen-to-body ratio)86% | I67: 1920 x 1200 | J67: 144 Hz | K67: Windows 11 Home | L67: Chiclet Keyboard with Num-key, 1.4mm Key-travel, Precision Touchpad | M67: 50WHrs, 3S1P, 3-cell Li-ion | N67: 720p HD camera With privacy shutter | O67: 1x USB 3.2 Gen 1 Type-C with support for power delivery (data speed up to 5Gbps) 2x USB 3.2 Gen 1 Type-A (data speed up to 5Gbps) 1x HDMI 2.1 TMDS 1x 3.5mm Combo Audio Jack 1x DC-in SD 4.0 card reader | P67: 358.6 x 249.1 x 18.9 mm | Q67: 1.80 kg | R67: Indie Black | S67: 1 Year | T67: 29999 | U67: 12th generation | V67: 2.5 GHz (18M Cache, up to 4.5 GHz, 4P+8E cores)
A68: Lenovo | B68: LOQ 15IRX9 | C68: Intel Core I7-14700HX | D68: NVIDIA® GeForce RTX™ 4060 8GB | E68: 8GB GDDR6 | F68: 16GB 2x 8GB SO-DIMM DDR5-5600 | G68: 1TB SSD M.2 2242 PCIe® 4.0x4 NVMe® | H68: 15.6" FHD IPS 300nits Anti-glare, 100% sRGB, 144Hz, G-SYNC® | I68: 1920 x 1080 | J68: 144 Hz | K68: Windows 11 Home | L68: White Backlit, Arabic | M68: 60Wh | N68: FHD 1080p with E-shutter | O68: 3x USB-A (USB 5Gbps / USB 3.2 Gen 1) 1x USB-C® (USB 10Gbps / USB 3.2 Gen 2), with Lenovo® PD 140W and DisplayPort™ 1.4 1x HDMI® 2.1, up to 8K/60Hz 1x Headphone / microphone combo jack (3.5mm) 1x Ethernet (RJ-45) 1x Power connector | P68: 359.86 x 258.7 x 21.9-23.9 mm | Q68: 2.38 kg | R68: Luna Grey | S68: 2 Years | T68: 59699 | U68: 14th generation | V68: 20C (8P + 12E) / 28T, P-core 2.1 / 5.5GHz, E-core 1.5 / 3.9GHz, 33MB | W68: 83DV00VMED
A69: MSI | B69: Thin 15 A B7VF | C69: AMD Ryzen 7 7735HS | D69: Nvidia GeForce RTX 4060 8GB | E69: 8GB GDDR6 | F69: 16GB DDR5 8GB*2 | G69: 512GB NVMe PCIe SSD | H69: 15.6" FHD (1920x1080), 144Hz, IPS-Level | I69: 1920 x 1080 | J69: 144 Hz | K69: DOS | L69: Single Backlit Keyboard (Blue) | M69: 3-Cell 52.4 Battery (Whr) | N69: HD type (30fps@720p) | O69: 1x Type-C (USB3.2 Gen2 / DisplayPort™/ Power Delivery 3.0) 3x Type-A USB3.2 Gen1 1x HDMI™ 2.1 (8K @ 60Hz / 4K @ 120Hz) 1x RJ45 | P69: 359 x 254 x 21.7 mm | Q69: 1.86 kg | R69: Cosmos Gray | S69: 2 Years | T69: 45599
A70: MSI | B70: Katana A15 AI B8VE | C70: AMD Ryzen 9 8945HS | D70: Nvidia GeForce RTX 4050 6GB | E70: 6GB GDDR6 | F70: 16GB DDR5 8GB*2 | G70: 512GB NVMe PCIe SSD | H70: 15.6" FHD (1920x1080), 144Hz, IPS-Level | I70: 1920 x 1080 | J70: 144 Hz | K70: Dos | L70: 4-Zone RGB Gaming Keyboard with Copilot Key | M70: 3-Cell 53.5 Battery (Whr) | N70: HD type (30fps@720p) | O70: 1x Type-C (USB3.2 Gen1 / DisplayPort™) 2x Type-A USB3.2 Gen1 1x Type-A USB2.0 1x HDMI™ 2.1 (8K @ 60Hz / 4K @ 120Hz) 1x RJ45 | P70: 359 x 259 x 24.9 mm | Q70: 2.25 kg | R70: Black | S70: 2 Years | T70: 52249
A71: MSI | B71: Katana A15 AI B8VF | C71: AMD Ryzen 9 8945HS | D71: Nvidia GeForce RTX 4060 8GB | E71: 8GB GDDR6 | F71: 16GB DDR5 8GB*2 | G71: 512GB NVMe PCIe SSD | H71: 15.6" FHD (1920x1080), 144Hz, IPS-Level | I71: 1920 x 1080 | J71: 144 Hz | K71: DOS | L71: 4-Zone RGB Gaming Keyboard with Copilot Key | M71: 3-Cell 53.5 Battery (Whr) | N71: HD type (30fps@720p) | O71: 1x Type-C (USB3.2 Gen1 / DisplayPort™) 2x Type-A USB3.2 Gen1 1x Type-A USB2.0 1x HDMI™ 2.1 (8K @ 60Hz / 4K @ 120Hz) 1x RJ45 | P71: 359 x 259 x 24.9 mm | Q71: 2.25 kg | R71: Black | S71: 2 Years | T71: 56899
A72: MSI | B72: Thin 15 B13UC | C72: Intel Core i7-13620H | D72: Nvidia GeForce RTX 3050 | E72: 4GB GDDR6 | F72: 16GB | G72: 512GB SSD slot (NVMe PCIe Gen4) | H72: 15.6" FHD (1920x1080), 144Hz, IPS-Level | I72: 1920x1080 | J72: 144 Hz | K72: DOS | L72: Single Backlit Keyboard (Blue) | M72: 3-Cell 52.4 Battery (Whr) | N72: HD type (30fps@720p) | O72: 1x Type-C (USB3.2 Gen1 / DisplayPort™) 3x Type-A USB3.2 Gen1 1x HDMI™ (4K @ 30Hz) 1x RJ45 | P72: 359 x 254 x 21.7 mm | Q72: 1.86 kg | R72: Cosmos grey | S72: 2 Years | T72: 34849 | U72: 13th generation
A73: HP | B73: Victus 16-r1032nia | C73: Intel Core i5-14450HX | D73: NVIDIA® GeForce RTX™ 3050 | E73: 6 GB GDDR6 | F73: 16 GB DDR5-5600 MT/s (2 x 8 GB) | G73: 1 TB PCIe® Gen4 NVMe™ M.2 SSD | H73: 40.9 cm (16.1") diagonal, FHD , 144 Hz, IPS, micro-edge, anti-glare, 300 nits, 62.5% sRGB | I73: 1920 x 1080 | J73: 144 Hz | K73: DOS | L73: Full-size, backlit, moonstone grey keyboard with numeric keypad | M73: 4-cell, 70 Wh Li-ion polymer | N73: HP True Vision 1080p FHD camera with temporal noise reduction and integrated dual array digital microphones | O73: 1 USB Type-A 5Gbps signaling rate (HP Sleep and Charge); 1 USB Type-C® 5Gbps signaling rate (USB Power Delivery, DisplayPort™ 1.4, HP Sleep and Charge); 2 USB Type-A 5Gbps signaling rate; 1 HDMI 2.1; 1 RJ-45; 1 AC smart pin; 1 headphone/microphone combo | P73: 369 x 259.4 x 22.9 mm | Q73: 2.31 kg | R73: Mica silver | S73: 1 Year | T73: 39499 | U73: 14th generation | V73: up to 4.8 GHz with Intel® Turbo Boost Technology, 20 MB L3 cache, 10 cores, 16 threads | W73: B1UM1EA
A74: HP | B74: Victus 15-FA1018NIA | C74: Intel Core i5-13500H | D74: NVIDIA® GeForce RTX™ 4050 6GB | E74: 6 GB GDDR6 | F74: 16 GB DDR4-3200 MT/s (2 x 8 GB) | G74: 512 GB PCIe® Gen4 NVMe™ M.2 SSD | H74: 39.6 cm (15.6") diagonal, FHD, 144 Hz, 9 ms response time, IPS, micro-edge, anti-glare, 250 nits, 45% NTSC | I74: 1920 x 1080 | J74: 144 Hz | K74: DOS | L74: Full-size, backlit, mica silver keyboard with numeric keypad | M74: 4-cell, 70 Wh Li-ion polymer | N74: HP Wide Vision 720p HD camera with temporal noise reduction and integrated dual array digital microphones | O74: 1 USB Type-A 5Gbps signaling rate; 1 USB Type-A 5Gbps signaling rate (HP Sleep and Charge); 1 USB Type-C® 5Gbps signaling rate (DisplayPort™ 1.4, HP Sleep and Charge); 1 HDMI 2.1; 1 RJ-45; 1 AC smart pin; 1 headphone/microphone combo | P74: 357.9 x 255 x 23.5 mm | Q74: 2.29 kg | R74: Mica silver | S74: 1 Year | T74: 39099 | U74: 13th generation | V74: up to 4.7 GHz with Intel® Turbo Boost Technology, 18 MB L3 cache, 12 cores, 16 threads | W74: 803B9EA
A75: ASUS | B75: TUF Gaming A14 FA401WV-RG053W | C75: AMD Ryzen AI 9 HX 370 | D75: NVIDIA® GeForce RTX™ 4060 | E75: 8GB GDDR6 | F75: 16GB 8GB*2 LPDDR5X 7500 on board, Max Capacity:16GB | G75: 1TB PCIe® 4.0 NVMe™ M.2 SSD | H75: 14-inch, 2.5K (2560 x 1600, WQXGA) 16:10 aspect ratio, IPS-level, Anti-glare display, sRGB:100.00%, Refresh Rate:165Hz, G-Sync, MUX Switch + NVIDIA® Advanced Optimus | I75: 2560 x 1600 | J75: 165 HZ | K75: Windows 11 Home | L75: Backlit Chiclet Keyboard Single Light | M75: 73WHrs, 4S1P, 4-cell Li-ion | N75: 1080P FHD IR Camera for Windows Hello | O75: 1x 3.5mm Combo Audio Jack 1x HDMI 2.1 FRL 2x USB 3.2 Gen 2 Type-A (data speed up to 10Gbps) 1x USB 3.2 Gen 2 Type-C with support for DisplayPort™ (data speed up to 10Gbps) 1x Type-C USB 4 with support for DisplayPort™ / power delivery (data speed up to 40 | P75: 311 x 227 x 16.9 ~ 19.9 mm | Q75: 1.46 Kg | R75: Gray | S75: 1 Year | T75: 64777 | V75: 2.0GHz (36MB Cache, up to 5.1GHz, 12 cores, 24 Threads); AMD XDNA™ NPU up to 50TOPS | W75: 90NR0J41-M003N0
A76: HP | B76: Victus 15-FA1017NIA | C76: Intel Core i5-13500H | D76: NVIDIA® GeForce RTX™ 4050 6GB | E76: 6 GB GDDR6 | F76: 16 GB DDR4-3200 MT/s (2 x 8 GB) | G76: 512 GB PCIe® Gen4 NVMe™ M.2 SSD | H76: 39.6 cm (15.6") diagonal, FHD (1920 x 1080), 144 Hz, 9 ms response time, IPS, micro-edge, anti-glare, 250 nits, 45% NTSC | I76: 1920 x 1080 | J76: 144 Hz | K76: DOS | L76: Full-size, backlit, performance blue keyboard with numeric keypad | M76: 4-cell, 70 Wh Li-ion polymer | N76: HP Wide Vision 720p HD camera with temporal noise reduction and integrated dual array digital microphones | O76: 1 USB Type-A 5Gbps signaling rate; 1 USB Type-A 5Gbps signaling rate (HP Sleep and Charge); 1 USB Type-C® 5Gbps signaling rate (DisplayPort™ 1.4, HP Sleep and Charge); 1 HDMI 2.1; 1 RJ-45; 1 AC smart pin; 1 headphone/microphone combo | P76: 357.9 x 255 x 23.5 mm | Q76: 2.29 kg | R76: Performance blue | S76: 1 Year | T76: 38888 | U76: 13th generation | V76: up to 4.7 GHz with Intel® Turbo Boost Technology, 18 MB L3 cache, 12 cores, 16 threads | W76: 803B8EA
A77: Lenovo | B77: LOQ 15IAX9E | C77: Intel Core i5-12450HX | D77: Nvidia GeForce RTX 2050 4GB | E77: 4GB GDDR6 | F77: 1x 16GB SO-DIMM DDR5-4800 | G77: 512GB SSD M.2 2242 PCIe® 4.0x4 NVMe® | H77: 15.6" FHD (1920x1080) IPS 300nits Anti-glare, 100% sRGB, 144Hz | I77: 1920 x 1080 | J77: 144 Hz | K77: DOS | L77: White Backlit, Arabic | M77: Integrated 57Wh | N77: HD 720p with Privacy Shutter | O77: 2x USB-A (USB 5Gbps / USB 3.2 Gen 1) 1x USB-C® (USB 5Gbps / USB 3.2 Gen 1), data transfer only 1x HDMI® 2.1, up to 8K/60Hz 1x Headphone / microphone combo jack (3.5mm) 1x Ethernet (RJ-45) 1x Card reader 1x Power connector | P77: 359.3 x 236 x 19.9-22.95 mm | Q77: 1.77 kg | R77: Luna Grey | S77: 1 Year | T77: 29749 | U77: 12th generation | V77: 8C (4P + 4E) / 12T, P-core up to 4.4GHz, E-core up to 3.1GHz, 12MB | W77: 83LK0062ED
A78: HP | B78: OMEN 16T-WF000​ | C78: Intel Core i7-14700HX | D78: Nvidia GeForce RTX 4070 8GB​ | E78: 8GB GDDR6 | F78: 16 GB RAM | G78: 1TB SSD | H78: 16'' Inch FHD 165HZ | I78: 1920 X 1080 | J78: 165 HZ | K78: Windows 11 | O78: 1 USB Type-A 5Gbps signaling rate; 1 USB Type-A 5Gbps signaling rate (HP Sleep and Charge); 2 Thunderbolt™ 4 with USB Type-C® 40Gbps signaling rate (USB Power Delivery, DisplayPort™ 1.4, HP Sleep and Charge); 1 HDMI 2.1; 1 RJ-45; 1 AC smart pin; 1 headpho | P78: 369 x 259 x 23.622 mm | Q78: 2.39 kg | R78: Shadow Black | S78: 1 year | T78: 91499 | U78: 14th generation | V78: (up to 5.5 GHz with Intel® Turbo Boost Technology, 33 MB L3 cache, 20 cores, 28 threads)
A79: HP | B79: Victus 15-FA1082WM | C79: Intel Core i5-13420H | D79: NVIDIA® GeForce RTX™ 4050 6GB | E79: 6GB GDDR6 | F79: 16 GB DDR4-3200 MT/s (2 x 8 GB) | G79: 512 GB PCIe® Gen4 NVMe™ M.2 SSD | H79: 15.6" diagonal FHD display | I79: 1920 x 1080 | K79: Windows 11 Home | L79: Full-size, backlit, mica silver keyboard with numeric keypad | M79: 4-cell, 70 Wh Li-ion polymer | N79: HP Wide Vision 720p HD camera with temporal noise reduction and integrated dual array digital microphones | O79: 1 USB Type-A 5Gbps signaling rate; 1 USB Type-A 5Gbps signaling rate (HP Sleep and Charge); 1 USB Type-C® 5Gbps signaling rate (DisplayPort™ 1.4, HP Sleep and Charge); 1 HDMI 2.1; 1 RJ-45; 1 AC smart pin; 1 headphone/microphone combov | P79: 357 x 255 x 23.6 mm | Q79: 2.29 kg | R79: Mica silver | S79: 1 Year | T79: 38888 | U79: 13th generation | V79: up to 4.6 GHz with Intel® Turbo Boost Technology, 12 MB L3 cache, 8 cores, 12 threads | W79: A2BZ7UA
A80: HP | B80: Victus 15-FA1039NE | C80: Intel Core i7-13700H | D80: NVIDIA® GeForce RTX™ 3050 6GB | E80: 6GB GDDR6 | F80: 8 GB DDR4-3200 MT/s (1 x 8 GB) | G80: 512 GB PCIe® Gen4 NVMe™ M.2 SSD | H80: 39.6 cm (15.6") diagonal, FHD, 144 Hz, 9 ms response time, IPS, micro-edge, anti-glare, 250 nits, 45% NTSC | I80: 1920 x 1080 | J80: 144 Hz | K80: DOS | L80: Full-size, backlit, mica silver keyboard with numeric keypad | M80: 4-cell, 70 Wh Li-ion polymer | N80: HP Wide Vision 720p HD camera with temporal noise reduction and integrated dual array digital microphones | O80: 1 USB Type-A 5Gbps signaling rate; 1 USB Type-A 5Gbps signaling rate (HP Sleep and Charge); 1 USB Type-C® 5Gbps signaling rate (DisplayPort™ 1.4, HP Sleep and Charge); 1 HDMI 2.1; 1 RJ-45; 1 AC smart pin; 1 headphone/microphone combo | P80: 357.9 x 255 x 23.5 mm | Q80: 2.29 kg | R80: Mica silver, black chrome logo | S80: 1 Year | T80: 40999 | U80: 13th generation | V80: up to 5.0 GHz with Intel® Turbo Boost Technology, 24 MB L3 cache, 14 cores, 20 threads | W80: 801U6EA
A81: HP | B81: Victus 16-r1048ne | C81: Intel® Core™ i7-14700HX | D81: NVIDIA® GeForce RTX™ 4060 | E81: 8GB GDDR6 | F81: 16GB DDR5 5600MB/s | G81: 1TB PCIe® Gen4 NVMe™ TLC M.2 SSD | H81: 16.1" diagonal FHD , 144 Hz, IPS, micro-edge, 40.9 anti-glare, 300 nits, 62.5% sRGB | I81: 1920 x 1080 | J81: 144 Hz | K81: DOS | L81: Full-size, backlit, light blue keyboard with numeric keypad | M81: 4-cell 70Wh Lithium-ion Polymer battery | N81: HP True Vision 1080p FHD camera with temporal noise reduction and integrated dual array digital microphones | O81: 1 USB Type-A 5Gb/s signaling rate (HP Sleep and Charge); 1 USB Type-C® 5Gb/s signaling rate (USB Power Delivery, DisplayPort™ 1.4, HP Sleep and Charge); 2 USB Type-A 5Gb/s signaling rate; 1 HDMI 2.1; 1 RJ-45; 1 AC smart pin; 1 headphone/ microphone combo | P81: 369 x 259 x 22.9 mm | Q81: 2.33 kg | S81: 1 Year | T81: 59999 | U81: 14th generation | V81: up to 5.5 GHz with Intel® Turbo Boost Technology, 33 MB L3 cache, 20 cores, 28 threads | W81: A7KC7EA
A82: Lenovo | B82: LOQ 15IRX9 | C82: Intel® Core™ i7-13650HX | D82: NVIDIA® GeForce RTX™ 4050 | E82: 6GB GDDR6 | F82: 2x 12GB SO-DIMM DDR5-4800 | G82: 512GB SSD M.2 2242 PCIe® 4.0x4 NVMe® | H82: 15.6" FHD (1920x1080) IPS 300nits Anti-glare, 100% sRGB, 144Hz, G-SYNC® | I82: 1920x1080 | J82: 144 Hz | K82: Dos | L82: White Backlit, Arabic | M82: Integrated 60Wh | N82: FHD 1080p with E-shutter | O82: 3x USB-A (USB 5Gbps / USB 3.2 Gen 1) 1x USB-C® (USB 10Gbps / USB 3.2 Gen 2), with Lenovo® PD 140W and DisplayPort™ 1.4 1x HDMI® 2.1, up to 8K/60Hz 1x Headphone / microphone combo jack (3.5mm) 1x Ethernet (RJ-45) 1x Power connector | P82: 359.86 x 258.7 x 21.9-23.9 mm | Q82: 2.38 kg | R82: Grey | S82: 1 Year | T82: 46499 | U82: 13th generation | V82: 14C (6P + 8E) / 20T, P-core 2.6 / 4.9GHz, E-core 1.9 / 3.6GHz, 24MB
A83: HP | B83: Victus 16-r1055ne | C83: Intel® Core™ i7-14700HX | D83: NVIDIA® GeForce RTX™ 4060 | E83: 8 GB GDDR6 | F83: 16 GB DDR5-5600 MT/s | G83: 512 GB PCIe® Gen4 NVMe™ M.2 SSD | H83: 16.1" Inch diagonal, FHD, 144 Hz, IPS, micro-edge, anti-glare, 300 nits, 62.5% sRGB | I83: 1920 x 1080 | J83: 144 Hz | K83: DOS | L83: Full-size, backlit, performance blue opaque keyboard with numeric keypad | M83: 4-cell, 70 Wh Li-ion polymer | N83: HP True Vision 1080p FHD camera with temporal noise reduction and integrated dual array digital microphones | O83: 1 USB Type-A 5Gbps signaling rate (HP Sleep and Charge); 1 USB Type-C® 5Gbps signaling rate (USB Power Delivery, DisplayPort™ 1.4, HP Sleep and Charge); 2 USB Type-A 5Gbps signaling rate; 1 HDMI 2.1; 1 RJ-45; 1 AC smart pin; 1 headphone/microphone combo 1 | P83: 369 x 259 x 22.9 mm | Q83: 2.33 kg | R83: Performance blue | S83: 1 Year | T83: 61799 | U83: 14th generation | V83: up to 5.5 GHz with Intel® Turbo Boost Technology, 33 MB L3 cache, 20 cores, 28 threads | W83: 9X710EA
A84: Dell | B84: G15 5530 | C84: Intel Core I7-13650HX | D84: Nvidia GeForce RTX 4060 | E84: 8GB GDDR6 | F84: 16GB,2X8,5600,DDR5, | G84: 1TB SSD | H84: 15.6'' Inch FHD 120HZ | I84: 1920 x 1080 | J84: 120 Hz | K84: Windows 11 Home | L84: Arabic Qwerty 4-Zone RGB Backlit Keyboard with Numeric Keypad and G-Key | M84: 6-Cell Battery, 86WHr (Integrated) | O84: 1 headset (headphone and microphone combo) port 1 RJ45 Ethernet port 3 USB 3.2 Gen 1 ports 1 HDMI 2.1 port 1 USB-C 3.2 Gen 2 port with DisplayPort™ | P84: 357.26 x 274.52 x 26.95 mm | Q84: 2.81 kg | R84: Gray | S84: 1 Year | T84: 59999 | U84: 13th generation | V84: 24 MB cache, 14 core, up to 4.90 GHz
A85: Lenovo | B85: LOQ 15IRX9 | C85: Intel Core i7-14700HX | D85: NVIDIA® GeForce RTX™ 4060 8GB | E85: 8GB GDDR6 | F85: 16GB 2x 8GB SO-DIMM DDR5-5600 | G85: 512GB SSD M.2 2242 PCIe® 4.0x4 NVMe® | H85: 15.6" FHD (1920x1080) IPS 300nits Anti-glare, 100% sRGB, 144Hz, G-SYNC® | I85: 1920 x 1080 | J85: 144 Hz | K85: DOS | L85: White Backlit, Arabic | M85: Integrated 60Wh | N85: FHD 1080p with E-shutter | O85: 3x USB-A (USB 5Gbps / USB 3.2 Gen 1) 1x USB-C® (USB 10Gbps / USB 3.2 Gen 2), with Lenovo® PD 140W and DisplayPort™ 1.4 1x HDMI® 2.1, up to 8K/60Hz 1x Headphone / microphone combo jack (3.5mm) 1x Ethernet (RJ-45) 1x Power connector | P85: 359.86 x 258.7 x 21.9-23.9 mm | Q85: 2.38 kg | R85: Luna Grey | S85: 1 Year | T85: 55999 | U85: 14th generation | V85: 20C (8P + 12E) / 28T, P-core 2.1 / 5.5GHz, E-core 1.5 / 3.9GHz, 33MB | W85: 83DV00RMAX
A86: MSI | B86: Thin 15 B12UDX-2224US | C86: Intel® Core™ i5-12450H | D86: NVIDIA® GeForce RTX™ 3050 6G | E86: 6G GDDR6 | F86: 8GB (8G*1) DDR4 3200MHz | G86: 512GB NVMe SSD | H86: 15.6" FHD, IPS-Level 144Hz 45% NTSC | I86: 1920x1080 | J86: 144 Hz | K86: Windows 11 Pro | L86: Blue keyboard with Anti-Ghost key (99 Key) | M86: 3 cell , 52.4Whr Li-Polymer | N86: 720p HD Webcam | O86: 3x USB 3.2 Gen1, 1x USB C 3.2 Gen1 w/DP1.4, 1 Mic in/ 1 headphone out, Video Port 4K @ 30Hz | P86: 358 x 253 x 21.59 mm | Q86: 1.85 Kg | R86: Cosmos Gray ​ | S86: 1 Year | T86: 32499 | U86: 12th generation | V86: 4+4Core 1.3-4.4GHz
A87: HP | B87: Victus 16-r0085cl | C87: Intel® Core™ i7-13700H | D87: NVIDIA® GeForce RTX™ 4070 | E87: 8 GB GDDR6 | F87: 16 GB | G87: 1 TB PCIe® Gen4 NVMe™ TLC M.2 SSD | H87: 16.1" diagonal FHD display | I87: 1920 x 1080 | K87: Windows 11 Home | L87: Full-size, 1-zone RGB backlit, moonstone grey keyboard with numeric keypad | M87: 4-cell, 70 Wh Li-ion polymer | N87: HP True Vision 1080p FHD camera with temporal noise reduction and integrated dual array digital microphones | P87: 68.8 x 551.9 x 344.9 mm | Q87: 2.33 Kg | R87: Mica silver | S87: 1 Year | T87: 88888 | U87: 13th generation | V87: up to 5.0 GHz with Intel® Turbo Boost Technology, 24 MB L3 cache, 14 cores, 20 threads | W87: 8Y487UA
A88: HP | B88: Victus 15-FB2082WM | C88: AMD Ryzen™ 5 8645HS | D88: NVIDIA® GeForce RTX™ 4050 | E88: 6 GB GDDR6 | F88: 16 GB DDR5-5600 MT/s | G88: 512 GB PCIe® Gen4 NVMe™ M.2 SSD | H88: 15.6" diagonal FHD | I88: 1920 x 1080 | K88: Windows 11 Home | L88: Full-size, backlit, mica silver keyboard with numeric keypad | M88: 4-cell, 70 Wh Li-ion polymer | N88: HP Wide Vision 720p HD camera with temporal noise reduction and integrated dual array digital microphones | P88: 357 x 255 x 23.6 mm | Q88: 2.29 kg | R88: Mica silver | S88: 1 Year | T88: 40999 | V88: up to 5.0 GHz max boost clock, 16 MB L3 cache, 6 cores, 12 threads | W88: A14MNUA
A89: Lenovo | B89: LOQ 15IRX9 | C89: Intel Core i7-13650HX | D89: NVIDIA® GeForce RTX™ 3050 6GB GDDR6 | E89: 6GB GDDR6 | F89: 1x 16GB SO-DIMM DDR5-4800 | G89: 512GB SSD M.2 2242 PCIe® 4.0x4 NVMe® | H89: 15.6" FHD IPS 300nits Anti-glare, 100% sRGB, 144Hz, G-SYNC® | I89: 1920 x 1080 | J89: 144 Hz | K89: DOS | L89: White Backlit, Arabic | M89: Integrated 60Wh | N89: FHD 1080p with E-shutter | O89: 3x USB-A (USB 5Gbps / USB 3.2 Gen 1) 1x USB-C® (USB 10Gbps / USB 3.2 Gen 2), with Lenovo® PD 140W and DisplayPort™ 1.4 1x HDMI® 2.1, up to 8K/60Hz 1x Headphone / microphone combo jack (3.5mm) 1x Ethernet (RJ-45) 1x Power connector | P89: 359.86 x 258.7 x 21.9-23.9 mm | Q89: 2.38 kg | R89: Luna Grey | S89: 2 Years | T89: 43999 | U89: 13th generation | V89: 14C (6P + 8E) / 20T, P-core 2.6 / 4.9GHz, E-core 1.9 / 3.6GHz, 24MB | W89: 83DV008QED
A90: HP | B90: Victus 15-FA1035NE | C90: Intel Core I5-13500H | D90: Nvida GeForce RTX 4050 6GB | E90: 6 GB GDDR6 | F90: 16 GB DDR4-3200 MT/s (2 x 8 GB) | G90: 512 GB PCIe® Gen4 NVMe™ M.2 SSD | H90: 39.6 cm (15.6") diagonal, FHD, 144 Hz, 9 ms response time, IPS, micro-edge, anti-glare, 250 nits, 45% NTSC | I90: 1920 x 1080 | J90: 144 Hz | K90: DOS | L90: Full-size, backlit, performance blue keyboard with numeric keypad | M90: 4-cell, 70 Wh Li-ion polymer | N90: HP Wide Vision 720p HD camera with temporal noise reduction and integrated dual array digital microphones | O90: 1 USB Type-A 5Gbps signaling rate; 1 USB Type-A 5Gbps signaling rate (HP Sleep and Charge); 1 USB Type-C® 5Gbps signaling rate (DisplayPort™ 1.4, HP Sleep and Charge); 1 HDMI 2.1; 1 RJ-45; 1 AC smart pin; 1 headphone/microphone combo | P90: 357.9 x 255 x 23.5 mm | Q90: 2.29 kg | R90: Performance blue | S90: 1 Year | T90: 40099 | U90: 13th generation | V90: up to 4.7 GHz with Intel® Turbo Boost Technology, 18 MB L3 cache, 12 cores, 16 threads | W90: 803D1EA
A91: HP | B91: Victus 15-FA1036NE | C91: Intel® Core™ i5-13500H | D91: NVIDIA® GeForce RTX™ 4050 | E91: 6 GB GDDR | F91: 16 GB DDR4-3200 MT/s (2 x 8 GB) | G91: 512 GB PCIe® Gen4 NVMe™ M.2 SSD | H91: 39.6 cm (15.6") diagonal FHD IPS display, 144 Hz refresh rate, 9 ms response time, micro-edge, anti-glare, 250 nits brightness, 45% NTSC color gamut 3 | I91: 1920 x 1080 | J91: 144 Hz | K91: DOS | L91: Full-size, backlit, mica silver keyboard with numeric keypad | M91: 4-cell, 70 Wh Li-ion polymer | N91: HP Wide Vision 720p HD camera with temporal noise reduction and integrated dual array digital microphones | O91: 1 USB Type-A 5Gbps signaling rate; 1 USB Type-A 5Gbps signaling rate (HP Sleep and Charge); 1 USB Type-C® 5Gbps signaling rate (DisplayPort™ 1.4, HP Sleep and Charge); 1 HDMI 2.1; 1 RJ-45; 1 AC smart pin; 1 headphone/microphone combo | P91: 357.9 x 255 x 23.5 mm | Q91: 2.29 kg | R91: Mica Silver | S91: 1 Year | T91: 38666 | U91: 13th generation | V91: up to 4.7 GHz with Intel® Turbo Boost Technology, 18 MB L3 cache, 12 cores, 16 threads | W91: 803D2EA
A92: HP | B92: Envy 16-H1053DX | C92: Intel Core i7-13700H | D92: Nvidia GeForce RTX 4060 8GB | E92: 8GB GDDR6 | F92: 16GB DDR5-5200 MT/s (2 x 8 GB) | G92: 1 TB PCIe® NVMe™ M.2 SSD | H92: 16-inch diagonal, WQXGA, multitouch-enabled, 48-120 Hz, IPS, edge-to-edge glass, micro-edge, Low Blue Light, 400 nits, 100% sRGB | I92: 2560 x 1600 | J92: 120 Hz | K92: Windows 11 Home | L92: Full-size, backlit, natural silver keyboard | M92: 6-cell, 83 Wh Li-ion polymer | N92: HP True Vision 5MP IR camera with camera shutter, temporal noise reduction and integrated dual array digital microphones | O92: 1 USB Type-A 10Gbps signaling rate; 1 USB Type-A 10Gbps signaling rate (HP Sleep and Charge); 2 Thunderbolt™ 4 with USB Type-C® 40Gbps signaling rate (USB Power Delivery, DisplayPort™ 1.4, HP Sleep and Charge); 1 HDMI 2.1; 1 AC smart pin; 1 headphone/micr | P92: 357 x 252.47 x 19.81 mm | Q92: 2.34 kg | R92: Natural silver | S92: 1 Year | T92: 71000 | U92: 13th generation | V92: up to 5.0 GHz with Intel® Turbo Boost Technology, 24 MB L3 cache, 14 cores, 20 threads | W92: 9U360UA
A93: HP | B93: Victus 15-FA1038NE | C93: Intel Core i7-13700H | D93: NVIDIA® GeForce RTX™ 3050 6GB GDDR6 | E93: 6GB GDDR6 | F93: 8 GB DDR4-3200 MT/s (1 x 8 GB) | G93: 512 GB PCIe® Gen4 NVMe™ M.2 SSD | H93: 39.6 cm (15.6") diagonal FHD (1920 x 1080) IPS display, 144 Hz refresh rate, 9 ms response time, micro-edge, anti-glare, 250 nits brightness, 45% NTSC color | I93: 1920 x 1080 | J93: 144 Hz | K93: DOS | L93: Full-size, backlit, performance blue keyboard with numeric keypad | M93: 4-cell, 70 Wh Li-ion polymer | N93: HP Wide Vision 720p HD camera with temporal noise reduction and integrated dual array digital microphones | O93: 1 USB Type-A 5Gbps signaling rate; 1 USB Type-A 5Gbps signaling rate (HP Sleep and Charge); 1 USB Type-C® 5Gbps signaling rate (DisplayPort™ 1.4, HP Sleep and Charge); 1 HDMI 2.1; 1 RJ-45; 1 AC smart pin; 1 headphone/microphone combo | P93: 357.9 x 255 x 23.5 mm | Q93: 2.29 kg | R93: Performance blue | S93: 1 Year | T93: 40999 | U93: 13th generation | V93: up to 5.0 GHz with Intel® Turbo Boost Technology, 24 MB L3 cache, 14 cores, 20 threads | W93: 801U5EA
A94: HP | B94: Victus 15-FB2082WM | C94: AMD Ryzen™ 5 8645HS | D94: NVIDIA® GeForce RTX™ 4050 6GB | E94: 6 GB GDDR6 dedicated | F94: 8 GB DDR5-5600 MT/s (1 x 8 GB) | G94: 512 GB PCIe® Gen4 NVMe™ M.2 SSD | H94: 15.6" diagonal FHD display | I94: 1920 x 1080 | K94: Windows 11 Home | L94: Full-size, backlit, mica silver keyboard with numeric keypad | M94: 4-cell, 70 Wh Li-ion polymer | N94: HP Wide Vision 720p HD camera with temporal noise reduction and integrated dual array digital microphones | O94: 1 USB Type-C® 5Gbps signaling rate (DisplayPort™ 1.4, HP Sleep and Charge); 1 USB Type-A 5Gbps signaling rate (HP Sleep and Charge); 1 USB Type-A 5Gbps signaling rate; 1 AC smart pin; 1 HDMI 2.1; 1 headphone/microphone combo; 1 RJ-45 | P94: 357 x 255 x 23.6 mm | Q94: 2.29 kg | R94: Mica silver | S94: 1 Year | T94: 37777 | V94: up to 5.0 GHz max boost clock, 16 MB L3 cache, 6 cores, 12 threads | W94: A14MNUA
A95: MSI | B95: Cyborg 15 A13VF | C95: Intel Core i7-13620H | D95: NVIDIA® GeForce RTX™ 4060 8GB | E95: 8GB GDDR6 | F95: 16GB DDR5-5200 2 Slots | G95: 512GB M.2 NVMe PCIe Gen4 SSD | H95: 15.6" FHD, 144Hz, IPS-Level | I95: 1920 x 1080 | J95: 144 Hz | K95: DOS | L95: Single Backlit Keyboard (Blue) | M95: 3-Cell 53.5 Battery (Whr) | N95: HD type (30fps@720p) | O95: 1x Type-C (USB3.2 Gen1 / DP) 2x Type-A USB3.2 Gen1 1x HDMI™ 2.1 (4K @ 60Hz) 1x RJ45 | P95: 359.36 x 250.34 x 21.95~22.9 mm | Q95: 1.98 kg | R95: Translucent Black | S95: 2 Years | T95: 47499 | U95: 13th generation | V95: 10C (6P + 4E) / 16T, P-core 2.4 / 4.9GHz, E-core 1.8 / 3.6GHz, 24MB
A96: HP | B96: OMEN 16-wd0073dx | C96: Intel® Core™ i7-13620H | D96: NVIDIA® GeForce RTX™ 4060 | F96: 16 GB DDR5-5200 MHz RAM | G96: 1 TB PCIe® Gen4 NVMe™ TLC M.2 SSD | H96: 16.1" diagonal, FHD 165 Hz, 7 ms response time, IPS, micro-edge, anti-glare, Low Blue Light, 300 nits, 100% sRGB [17,35] | I96: 1920 x 1080 | J96: 165 HZ | K96: Windows11 Home | L96: Full-size, 4-zone RGB backlit, shadow black keyboard and 26-Key Rollover Anti-Ghosting Key technology | M96: 6-cell, 83 Wh Li-ion polymer | N96: HP True Vision 1080p FHD camera with temporal noise reduction and integrated dual array digital microphones | O96: 1 USB Type-A 5Gbps signaling rate (HP Sleep and Charge); 1 USB Type-C® 5Gbps signaling rate (USB Power Delivery, DisplayPort™ 1.4, HP Sleep and Charge); 2 USB Type-A 5Gbps signaling rate; 1 HDMI 2.1; 1 RJ-45; 1 AC smart pin; 1 headphone/microphone combo | P96: 369.06 x 259.33 x 23.87 mm | Q96: 2.35 kg | R96: Shadow black | S96: 1 Year | T96: 57777 | U96: 13th generation | V96: (up to 4.9 GHz with Intel® Turbo Boost Technology, 24 MB L3 cache, 10 cores, 16 threads) | W96: 9R640UA
A97: Dell | B97: G15 5530 | C97: Intel Core I7-13650HX | D97: Nvidia GeForce RTX 4050 6GB | E97: 6GB GDDR6 | F97: 16GB, 2x8GB, DDR5, 4800MHz | G97: 512GB, M.2, PCIe NVMe, SSD | H97: 15.6" FHD 165Hz, 3 ms, sRGB-100%, ComfortViewPlus , NVIDIA G-SYNC+DDS Display | I97: 1920 x 1080 | J97: 165 HZ | K97: DOS | L97: Arabic Qwerty 4-Zone RGB Backlit Keyboard with Numeric Keypad and G-Key | M97: 6-Cell Battery, 86WHr (Integrated) | O97: 1 headset (headphone and microphone combo) port 1 RJ45 Ethernet port 3 USB 3.2 Gen 1 ports 1 HDMI 2.1 port 1 USB-C 3.2 Gen 2 port with DisplayPort™ | P97: 357.26 x 274.52 x 26.95 mm | Q97: 2.81 kg | R97: Black | S97: 1 Year | T97: 56666 | U97: 13th generation | V97: 24 MB cache, 14 core, up to 4.90 GHz
A98: Lenovo | B98: Legion Slim 5 16IRH8 | C98: Intel® Core™ i7-13700H | D98: NVIDIA® GeForce RTX™ 4060 8GB | E98: 8GB GDDR6 | F98: 16GB 2x8GB SO-DIMM DDR5-5200 | G98: 1TB SSD M.2 2280 PCIe® 4.0x4 NVMe® | H98: 16" WQXGA (2560x1600) IPS 300nits Anti-glare, 100% sRGB, 165Hz, G-SYNC®, Low Blue Light | I98: 2560x1600 | J98: 165 HZ | K98: DOS | L98: 4-Zone RGB Backlit, Arabic | M98: Integrated 80Wh | N98: FHD 1080p with E-shutter | O98: 1x USB 3.2 Gen 2 1x USB 3.2 Gen 2 (Always On) 1x USB-C® 3.2 Gen 2 (support data transfer and DisplayPort™ 1.4) 1x USB-C® 3.2 Gen 2 (support data transfer, Power Delivery 140W and DisplayPort™ 1.4) 1x HDMI® 2.1, up to 8K/30Hz 1x Card reader 1x Ethernet (RJ | P98: 359.7 x 260.3 x 19.9-25.2mm | Q98: 2.4 kg | R98: Storm Grey | S98: 1 Year | T98: 65199 | U98: 13th generation | V98: 14C (6P + 8E) / 20T, P-core 2.4 / 5.0GHz, E-core 1.8 / 3.7GHz, 24MB | W98: 82YA00BWPS
A99: ASUS | B99: ROG Zephyrus G16 GU603W-G16-I74060 | C99: Intel Core I7-13620H | D99: Nvidia GeForce RTX 4060 8GB | E99: 8GB GDDR6 | F99: 16GB DDR4 3200MHz | G99: 512GB NVMe PCIe 4.0 SSD | H99: 16-inch FHD+ 16:10 (1920 x 1200, WUXGA) IPS-Level Anti-Glare 165Hz (3ms) | I99: 1920 x 1200 | J99: 165 HZ | K99: Windows 11 Home | L99: Backlit Chiclet Single-Zone RGB Keyboard | M99: 90WHrs, 4S1P, 4-cell Li-ion | N99: 720P HD IR Camera for Windows Hello | O99: 1x Thunderbolt 4 [Support DisplayPort and Power Delivery] 2x USB 3.2 Type A (Gen 2) 1x USB 3.2 Type C (Gen 2) [Support DisplayPort, Power Delivery and G-SYNC] 1x HDMI 2.1 FRL 1x RJ45 LAN port 1x 3.5mm Combo Audio Jack | P99: 355 x 243 x 20.5 ~ 22.9 mm | Q99: 2.00 Kg | R99: Eclipse Gray | S99: 1 Year | T99: 99999 | U99: 13th generation | V99: 24M Cache, up to 5.40 GHz | W99: 90NR0BL5-M003A0
A100: HP | B100: Victus 16-R0046NE | C100: Intel Core I7-13700H | D100: NVIDIA® GeForce RTX™ 4050 6GB | E100: 6 GB GDDR6 | F100: 16 GB DDR5-5200 MHz RAM (2 x 8 GB) | G100: 1 TB PCIe® Gen4 NVMe™ TLC M.2 SSD | H100: 16.1" diagonal, FHD, 144 Hz, IPS, micro-edge, anti-glare, 250 nits, 45% NTSC | I100: 1920 X 1080 | J100: 144 Hz | K100: DOS | L100: Full-size, backlit, performance blue opaque keyboard with numeric keypad | M100: 4-cell, 70 Wh Li-ion polymer | N100: HP True Vision 1080p FHD camera with temporal noise reduction and integrated dual array digital microphones | O100: 1 USB Type-A 5Gbps signaling rate (HP Sleep and Charge); 1 USB Type-C® 5Gbps signaling rate (USB Power Delivery, DisplayPort™ 1.4, HP Sleep and Charge); 2 USB Type-A 5Gbps signaling rate; 1 HDMI 2.1; 1 RJ-45; 1 AC smart pin; 1 headphone/microphone combo | P100: 36.9 x 25.94 x 2.29 cm (front); 36.9 x 25.94 x 2.39 cm (rear) | Q100: 2.33 kg | R100: Performance blue | S100: 1 Year | T100: 48888 | U100: 13th generation | V100: up to 5.0 GHz with Intel® Turbo Boost Technology, 24 MB L3 cache, 14 cores, 20 threads | W100: 81Q01EA | X100: 230 W Smart AC power adapter
...

Sheet Worksheet
A1: Brand | C1: Product Name | F1: Processor | I1: Video Graphics Memorey | J1: 0 | K1: RAM | M1: Hard Drive | P1: Display Resolution | R1: Display Refresh Rate | T1: Operating System | V1: Weight | X1: Warranty | Z1: Price | AA1: Processor Generation
A2: MSI | B2: =IF(OR(UPPER(TRIM(A2))="MSI", UPPER(TRIM(A2))="HP", UPPER(TRIM(A2))="ASUS"), UPPER(TRIM(A2)), PROPER(TRIM(A2))) -> MSI | C2: Titan 18 HX Dragon Edition Norse Myth A2XWJG | D2: =TRIM(CLEAN(SUBSTITUTE(C2,CHAR(160)," "))) -> Titan 18 HX Dragon Edition Norse Myth A2XWJG | E2: {=IFERROR( INDEX(Family_Map!$B$2:$B$35, _xludf.AGGREGATE(14,6,(ROW(Family_Map!$A$2:$A$35)-ROW(Family_Map!$A$2)+1)/(ISNUMBER(SEARCH(Family_Map!$A$2:$A$35,D2))),1) ), "Other")} -> Other | F2: Intel Core Ultra 9 285HX | G2: =TRIM(SUBSTITUTE(SUBSTITUTE(SUBSTITUTE(SUBSTITUTE(SUBSTITUTE(F2,"®",""),"™",""),CHAR(160)," "),_xludf.UNICHAR(8203),"")," "," ")) -> #NAME? | H2: =IF(ISNUMBER(SEARCH("CORE ULTRA 9",G3)),"Intel Core Ultra 9", IF(ISNUMBER(SEARCH("CORE ULTRA 7",G3)),"Intel Core Ultra 7",IF(ISNUMBER(SEARCH("CORE I3",G3)),"Intel Core i3", IF(ISNUMBER(SEARCH("CORE ULTRA 5",G3)),"Intel Core Ultra 5", IF(ISNUMBER(SEARCH("CORE I9",G3)),"Intel Core i9", IF(ISNUMBER(SEARCH("CORE I7",G3)),"Intel Core i7", IF(ISNUMBER(SEARCH("CORE I5",G3)),"Intel Core i5", IF(ISNUMBER(SEARCH("CORE 9",G3)),"Intel Core 9", IF(ISNUMBER(SEARCH("CORE 7",G3)),"Intel Core 7", IF(ISNUMBER(SEARCH("CORE 5",G3)),"Intel Core 5", IF(ISNUMBER(SEARCH("RYZEN AI 9",G3)),"AMD Ryzen AI 9", IF(ISNUMBER(SEARCH("RYZEN AI 7",G3)),"AMD Ryzen AI 7", IF(ISNUMBER(SEARCH("RYZEN 9",G3)),"AMD Ryzen 9", IF(ISNUMBER(SEARCH("RYZEN 7",G3)),"AMD Ryzen 7", IF(ISNUMBER(SEARCH("RYZEN 5",G3)),"AMD Ryzen 5", IF(ISNUMBER(SEARCH("SNAPDRAGON",G3)), IF(ISNUMBER(SEARCH("ELITE",G3)),"Snapdragon X Elite", IF(ISNUMBER(SEARCH("PLUS",G3)),"Snapdragon X Plus","Snapdragon")), "Other")))))))))))))))) -> Other | I2: 24GB GDDR7 | J2: =IFERROR( LEFT( TRIM(MID(I2, MIN(FIND({0,1,2,3,4,5,6,7,8,9}, I2&"0123456789")), 100)), FIND("G", UPPER(TRIM(MID(I2, MIN(FIND({0,1,2,3,4,5,6,7,8,9}, I2&"0123456789")), 100)))) ) & "B", "" ) -> 24GB | K2: 96GB DDR5 6400MHz 48GB*2 | L2: =IFERROR( VALUE(SUBSTITUTE(SUBSTITUTE(LEFT(UPPER(TRIM(K2)),FIND("GB",UPPER(K2)&"GB")+1),"GB","")," ","")), IFERROR( VALUE(SUBSTITUTE(SUBSTITUTE(MID(UPPER(K2),FIND("GB",UPPER(K2)&"GB")-3,3),"GB","")," ","")) * IF( OR( ISNUMBER(SEARCH("2X",UPPER(K2))), ISNUMBER(SEARCH("X 2",UPPER(K2))), ISNUMBER(SEARCH("*2",UPPER(K2))), ISNUMBER(SEARCH("2*",UPPER(K2))), ISNUMBER(SEARCH("(2 X",UPPER(K2))) ), 2,1), "") ) -> 96 | M2: 6TB, 2TB NVMe PCIe Gen5x4 SSD w/o DRAM + 2TB NVMe PCIe Gen4x4 SSD x2 | N2: =IFERROR( LEFT( TRIM(MID(M2, MIN(FIND({0,1,2,3,4,5,6,7,8,9}, M2&"0123456789")), 100)), FIND("B", UPPER(TRIM(MID(M2, MIN(FIND({0,1,2,3,4,5,6,7,8,9}, M2&"0123456789")), 100)))) ), "" ) -> 6TB | O2: =IFERROR( IF(RIGHT(TRIM(N2),2)="TB", VALUE(LEFT(TRIM(N2),LEN(TRIM(N2))-2))*1024 & "GB", TRIM(N2) ), "") -> 6144GB | P2: 3840x2400 | Q2: =IFERROR( SUBSTITUTE(SUBSTITUTE(SUBSTITUTE(SUBSTITUTE(SUBSTITUTE(SUBSTITUTE( TRIM(P2), "*","x"),"×","x"),"X","x")," x ","x"),"x ","x")," x","x"), "") -> 3840x2400 | R2: 120 Hz | S2: =IFERROR( TRIM(LEFT(TRIM(R2), FIND(UPPER("H"), UPPER(TRIM(R2)))-1)) & "Hz", "") -> 120Hz | T2: Windows® 11 Home | U2: =IFERROR( IF(AND(ISNUMBER(SEARCH("11",T2)),ISNUMBER(SEARCH("pro",T2))),"Windows 11 Pro", IF(AND(ISNUMBER(SEARCH("10",T2)),ISNUMBER(SEARCH("pro",T2))),"Windows 10 Pro", IF(ISNUMBER(SEARCH("11",T2)),"Windows 11 Home", IF(ISNUMBER(SEARCH("10",T2)),"Windows 10 Home", IF(OR(ISNUMBER(SEARCH("dos",T2)),ISNUMBER(SEARCH("DOS",T2))),"DOS", "Unknown"))))), "Unknown") -> Windows 11 Home | V2: 3.6 kg | W2: =IFERROR( IF(ISNUMBER(SEARCH(" g",SUBSTITUTE(V2,"gk","kg"))), ROUND(VALUE(TRIM(LEFT(SUBSTITUTE(V2,"gk","kg"),FIND(" ",SUBSTITUTE(V2,"gk","kg"))-1)))/1000,2) & " kg", IF(ISNUMBER(SEARCH("lb",V2)), ROUND(VALUE(TRIM(LEFT(V2,FIND(" ",V2)-1)))*0.453592,2) & " kg", ROUND(VALUE(TRIM(SUBSTITUTE(SUBSTITUTE(SUBSTITUTE(SUBSTITUTE(SUBSTITUTE(V2,"kg",""),"Kg",""),"KG",""),"gk",""),"g",""))),2) & " kg" )), "") -> 3.6 kg | X2: 2 Year | Y2: =IFERROR( IF(ISNUMBER(SEARCH("3",X2)), "3 Years", IF(ISNUMBER(SEARCH("2",X2)), "2 Years", IF(ISNUMBER(SEARCH("1",X2)), "1 Year", "Check Manually"))), "") -> 2 Years | Z2: 320000 | AA2: Unknown
A3: MSI | B3: =IF(OR(UPPER(TRIM(A3))="MSI", UPPER(TRIM(A3))="HP", UPPER(TRIM(A3))="ASUS"), UPPER(TRIM(A3)), PROPER(TRIM(A3))) -> MSI | C3: Katana 15 HX 14XWGK | D3: =TRIM(CLEAN(SUBSTITUTE(C3,CHAR(160)," "))) -> Katana 15 HX 14XWGK | E3: {=IFERROR( INDEX(Family_Map!$B$2:$B$35, _xludf.AGGREGATE(14,6,(ROW(Family_Map!$A$2:$A$35)-ROW(Family_Map!$A$2)+1)/(ISNUMBER(SEARCH(Family_Map!$A$2:$A$35,D3))),1) ), "Other")} -> Other | F3: Intel Core i9-I4900HX | G3: =TRIM(SUBSTITUTE(SUBSTITUTE(SUBSTITUTE(SUBSTITUTE(SUBSTITUTE(F3,"®",""),"™",""),CHAR(160)," "),_xludf.UNICHAR(8203),"")," "," ")) -> #NAME? | H3: =IF(ISNUMBER(SEARCH("CORE ULTRA 9",G3)),"Intel Core Ultra 9", IF(ISNUMBER(SEARCH("CORE ULTRA 7",G3)),"Intel Core Ultra 7",IF(ISNUMBER(SEARCH("CORE I3",G3)),"Intel Core i3", IF(ISNUMBER(SEARCH("CORE ULTRA 5",G3)),"Intel Core Ultra 5", IF(ISNUMBER(SEARCH("CORE I9",G3)),"Intel Core i9", IF(ISNUMBER(SEARCH("CORE I7",G3)),"Intel Core i7", IF(ISNUMBER(SEARCH("CORE I5",G3)),"Intel Core i5", IF(ISNUMBER(SEARCH("CORE 9",G3)),"Intel Core 9", IF(ISNUMBER(SEARCH("CORE 7",G3)),"Intel Core 7", IF(ISNUMBER(SEARCH("CORE 5",G3)),"Intel Core 5", IF(ISNUMBER(SEARCH("RYZEN AI 9",G3)),"AMD Ryzen AI 9", IF(ISNUMBER(SEARCH("RYZEN AI 7",G3)),"AMD Ryzen AI 7", IF(ISNUMBER(SEARCH("RYZEN 9",G3)),"AMD Ryzen 9", IF(ISNUMBER(SEARCH("RYZEN 7",G3)),"AMD Ryzen 7", IF(ISNUMBER(SEARCH("RYZEN 5",G3)),"AMD Ryzen 5", IF(ISNUMBER(SEARCH("SNAPDRAGON",G3)), IF(ISNUMBER(SEARCH("ELITE",G3)),"Snapdragon X Elite", IF(ISNUMBER(SEARCH("PLUS",G3)),"Snapdragon X Plus","Snapdragon")), "Other")))))))))))))))) -> Other | I3: 8GB GDDR7 | J3: =IFERROR( LEFT( TRIM(MID(I3, MIN(FIND({0,1,2,3,4,5,6,7,8,9}, I3&"0123456789")), 100)), FIND("G", UPPER(TRIM(MID(I3, MIN(FIND({0,1,2,3,4,5,6,7,8,9}, I3&"0123456789")), 100)))) ) & "B", "" ) -> 8GB | K3: 16GB DDR5 8GB*2 | L3: =IFERROR( VALUE(SUBSTITUTE(SUBSTITUTE(LEFT(UPPER(TRIM(K3)),FIND("GB",UPPER(K3)&"GB")+1),"GB","")," ","")), IFERROR( VALUE(SUBSTITUTE(SUBSTITUTE(MID(UPPER(K3),FIND("GB",UPPER(K3)&"GB")-3,3),"GB","")," ","")) * IF( OR( ISNUMBER(SEARCH("2X",UPPER(K3))), ISNUMBER(SEARCH("X 2",UPPER(K3))), ISNUMBER(SEARCH("*2",UPPER(K3))), ISNUMBER(SEARCH("2*",UPPER(K3))), ISNUMBER(SEARCH("(2 X",UPPER(K3))) ), 2,1), "") ) -> 16 | M3: 1TB NVMe PCIe SSD Gen4x4 | N3: =IFERROR( LEFT( TRIM(MID(M3, MIN(FIND({0,1,2,3,4,5,6,7,8,9}, M3&"0123456789")), 100)), FIND("B", UPPER(TRIM(MID(M3, MIN(FIND({0,1,2,3,4,5,6,7,8,9}, M3&"0123456789")), 100)))) ), "" ) -> 1TB | O3: =IFERROR( IF(RIGHT(TRIM(N3),2)="TB", VALUE(LEFT(TRIM(N3),LEN(TRIM(N3))-2))*1024 & "GB", TRIM(N3) ), "") -> 1024GB | P3: 2560*1440 | Q3: =IFERROR( SUBSTITUTE(SUBSTITUTE(SUBSTITUTE(SUBSTITUTE(SUBSTITUTE(SUBSTITUTE( TRIM(P3), "*","x"),"×","x"),"X","x")," x ","x"),"x ","x")," x","x"), "") -> 2560x1440 | R3: 165 HZ | S3: =IFERROR( TRIM(LEFT(TRIM(R3), FIND(UPPER("H"), UPPER(TRIM(R3)))-1)) & "Hz", "") -> 165Hz | T3: Windows® 11 Home | U3: =IFERROR( IF(AND(ISNUMBER(SEARCH("11",T3)),ISNUMBER(SEARCH("pro",T3))),"Windows 11 Pro", IF(AND(ISNUMBER(SEARCH("10",T3)),ISNUMBER(SEARCH("pro",T3))),"Windows 10 Pro", IF(ISNUMBER(SEARCH("11",T3)),"Windows 11 Home", IF(ISNUMBER(SEARCH("10",T3)),"Windows 10 Home", IF(OR(ISNUMBER(SEARCH("dos",T3)),ISNUMBER(SEARCH("DOS",T3))),"DOS", "Unknown"))))), "Unknown") -> Windows 11 Home | V3: 2.4 kg | W3: =IFERROR( IF(ISNUMBER(SEARCH(" g",SUBSTITUTE(V3,"gk","kg"))), ROUND(VALUE(TRIM(LEFT(SUBSTITUTE(V3,"gk","kg"),FIND(" ",SUBSTITUTE(V3,"gk","kg"))-1)))/1000,2) & " kg", IF(ISNUMBER(SEARCH("lb",V3)), ROUND(VALUE(TRIM(LEFT(V3,FIND(" ",V3)-1)))*0.453592,2) & " kg", ROUND(VALUE(TRIM(SUBSTITUTE(SUBSTITUTE(SUBSTITUTE(SUBSTITUTE(SUBSTITUTE(V3,"kg",""),"Kg",""),"KG",""),"gk",""),"g",""))),2) & " kg" )), "") -> 2.4 kg | X3: 2 Year | Y3: =IFERROR( IF(ISNUMBER(SEARCH("3",X3)), "3 Years", IF(ISNUMBER(SEARCH("2",X3)), "2 Years", IF(ISNUMBER(SEARCH("1",X3)), "1 Year", "Check Manually"))), "") -> 2 Years | Z3: 79999 | AA3: 14th generation
A4: Acer | B4: =IF(OR(UPPER(TRIM(A4))="MSI", UPPER(TRIM(A4))="HP", UPPER(TRIM(A4))="ASUS"), UPPER(TRIM(A4)), PROPER(TRIM(A4))) -> Acer | C4: NITRO V15-ANV15-51-51H9 | D4: =TRIM(CLEAN(SUBSTITUTE(C4,CHAR(160)," "))) -> NITRO V15-ANV15-51-51H9 | E4: {=IFERROR( INDEX(Family_Map!$B$2:$B$35, _xludf.AGGREGATE(14,6,(ROW(Family_Map!$A$2:$A$35)-ROW(Family_Map!$A$2)+1)/(ISNUMBER(SEARCH(Family_Map!$A$2:$A$35,D4))),1) ), "Other")} -> Other | F4: Intel Core I5-13420H | G4: =TRIM(SUBSTITUTE(SUBSTITUTE(SUBSTITUTE(SUBSTITUTE(SUBSTITUTE(F4,"®",""),"™",""),CHAR(160)," "),_xludf.UNICHAR(8203),"")," "," ")) -> #NAME? | H4: =IF(ISNUMBER(SEARCH("CORE ULTRA 9",G4)),"Intel Core Ultra 9", IF(ISNUMBER(SEARCH("CORE ULTRA 7",G4)),"Intel Core Ultra 7",IF(ISNUMBER(SEARCH("CORE I3",G4)),"Intel Core i3", IF(ISNUMBER(SEARCH("CORE ULTRA 5",G4)),"Intel Core Ultra 5", IF(ISNUMBER(SEARCH("CORE I9",G4)),"Intel Core i9", IF(ISNUMBER(SEARCH("CORE I7",G4)),"Intel Core i7", IF(ISNUMBER(SEARCH("CORE I5",G4)),"Intel Core i5", IF(ISNUMBER(SEARCH("CORE 9",G4)),"Intel Core 9", IF(ISNUMBER(SEARCH("CORE 7",G4)),"Intel Core 7", IF(ISNUMBER(SEARCH("CORE 5",G4)),"Intel Core 5", IF(ISNUMBER(SEARCH("RYZEN AI 9",G4)),"AMD Ryzen AI 9", IF(ISNUMBER(SEARCH("RYZEN AI 7",G4)),"AMD Ryzen AI 7", IF(ISNUMBER(SEARCH("RYZEN 9",G4)),"AMD Ryzen 9", IF(ISNUMBER(SEARCH("RYZEN 7",G4)),"AMD Ryzen 7", IF(ISNUMBER(SEARCH("RYZEN 5",G4)),"AMD Ryzen 5", IF(ISNUMBER(SEARCH("SNAPDRAGON",G4)), IF(ISNUMBER(SEARCH("ELITE",G4)),"Snapdragon X Elite", IF(ISNUMBER(SEARCH("PLUS",G4)),"Snapdragon X Plus","Snapdragon")), "Other")))))))))))))))) -> Other | I4: 6GB GDDR6 | J4: =IFERROR( LEFT( TRIM(MID(I4, MIN(FIND({0,1,2,3,4,5,6,7,8,9}, I4&"0123456789")), 100)), FIND("G", UPPER(TRIM(MID(I4, MIN(FIND({0,1,2,3,4,5,6,7,8,9}, I4&"0123456789")), 100)))) ) & "B", "" ) -> 6GB | K4: 8 GB DDR5-SDRAM | L4: =IFERROR( VALUE(SUBSTITUTE(SUBSTITUTE(LEFT(UPPER(TRIM(K4)),FIND("GB",UPPER(K4)&"GB")+1),"GB","")," ","")), IFERROR( VALUE(SUBSTITUTE(SUBSTITUTE(MID(UPPER(K4),FIND("GB",UPPER(K4)&"GB")-3,3),"GB","")," ","")) * IF( OR( ISNUMBER(SEARCH("2X",UPPER(K4))), ISNUMBER(SEARCH("X 2",UPPER(K4))), ISNUMBER(SEARCH("*2",UPPER(K4))), ISNUMBER(SEARCH("2*",UPPER(K4))), ISNUMBER(SEARCH("(2 X",UPPER(K4))) ), 2,1), "") ) -> 8 | M4: 512 GB SSD | N4: =IFERROR( LEFT( TRIM(MID(M4, MIN(FIND({0,1,2,3,4,5,6,7,8,9}, M4&"0123456789")), 100)), FIND("B", UPPER(TRIM(MID(M4, MIN(FIND({0,1,2,3,4,5,6,7,8,9}, M4&"0123456789")), 100)))) ), "" ) -> 512 GB | O4: =IFERROR( IF(RIGHT(TRIM(N4),2)="TB", VALUE(LEFT(TRIM(N4),LEN(TRIM(N4))-2))*1024 & "GB", TRIM(N4) ), "") -> 512 GB | P4: 1920x1080 | Q4: =IFERROR( SUBSTITUTE(SUBSTITUTE(SUBSTITUTE(SUBSTITUTE(SUBSTITUTE(SUBSTITUTE( TRIM(P4), "*","x"),"×","x"),"X","x")," x ","x"),"x ","x")," x","x"), "") -> 1920x1080 | R4: 144 Hz | S4: =IFERROR( TRIM(LEFT(TRIM(R4), FIND(UPPER("H"), UPPER(TRIM(R4)))-1)) & "Hz", "") -> 144Hz | T4: Windows® 11 Home | U4: =IFERROR( IF(AND(ISNUMBER(SEARCH("11",T4)),ISNUMBER(SEARCH("pro",T4))),"Windows 11 Pro", IF(AND(ISNUMBER(SEARCH("10",T4)),ISNUMBER(SEARCH("pro",T4))),"Windows 10 Pro", IF(ISNUMBER(SEARCH("11",T4)),"Windows 11 Home", IF(ISNUMBER(SEARCH("10",T4)),"Windows 10 Home", IF(OR(ISNUMBER(SEARCH("dos",T4)),ISNUMBER(SEARCH("DOS",T4))),"DOS", "Unknown"))))), "Unknown") -> Windows 11 Home | W4: =IFERROR( IF(ISNUMBER(SEARCH(" g",SUBSTITUTE(V4,"gk","kg"))), ROUND(VALUE(TRIM(LEFT(SUBSTITUTE(V4,"gk","kg"),FIND(" ",SUBSTITUTE(V4,"gk","kg"))-1)))/1000,2) & " kg", IF(ISNUMBER(SEARCH("lb",V4)), ROUND(VALUE(TRIM(LEFT(V4,FIND(" ",V4)-1)))*0.453592,2) & " kg", ROUND(VALUE(TRIM(SUBSTITUTE(SUBSTITUTE(SUBSTITUTE(SUBSTITUTE(SUBSTITUTE(V4,"kg",""),"Kg",""),"KG",""),"gk",""),"g",""))),2) & " kg" )), "") | X4: 1 Year | Y4: =IFERROR( IF(ISNUMBER(SEARCH("3",X4)), "3 Years", IF(ISNUMBER(SEARCH("2",X4)), "2 Years", IF(ISNUMBER(SEARCH("1",X4)), "1 Year", "Check Manually"))), "") -> 1 Year | Z4: 39999 | AA4: 13th generation
A5: Dell | B5: =IF(OR(UPPER(TRIM(A5))="MSI", UPPER(TRIM(A5))="HP", UPPER(TRIM(A5))="ASUS"), UPPER(TRIM(A5)), PROPER(TRIM(A5))) -> Dell | C5: Alienware 16 Aurora AC16250 | D5: =TRIM(CLEAN(SUBSTITUTE(C5,CHAR(160)," "))) -> Alienware 16 Aurora AC16250 | E5: {=IFERROR( INDEX(Family_Map!$B$2:$B$35, _xludf.AGGREGATE(14,6,(ROW(Family_Map!$A$2:$A$35)-ROW(Family_Map!$A$2)+1)/(ISNUMBER(SEARCH(Family_Map!$A$2:$A$35,D5))),1) ), "Other")} -> Other | F5: Intel Core 7 240H | G5: =TRIM(SUBSTITUTE(SUBSTITUTE(SUBSTITUTE(SUBSTITUTE(SUBSTITUTE(F5,"®",""),"™",""),CHAR(160)," "),_xludf.UNICHAR(8203),"")," "," ")) -> #NAME? | H5: =IF(ISNUMBER(SEARCH("CORE ULTRA 9",G5)),"Intel Core Ultra 9", IF(ISNUMBER(SEARCH("CORE ULTRA 7",G5)),"Intel Core Ultra 7",IF(ISNUMBER(SEARCH("CORE I3",G5)),"Intel Core i3", IF(ISNUMBER(SEARCH("CORE ULTRA 5",G5)),"Intel Core Ultra 5", IF(ISNUMBER(SEARCH("CORE I9",G5)),"Intel Core i9", IF(ISNUMBER(SEARCH("CORE I7",G5)),"Intel Core i7", IF(ISNUMBER(SEARCH("CORE I5",G5)),"Intel Core i5", IF(ISNUMBER(SEARCH("CORE 9",G5)),"Intel Core 9", IF(ISNUMBER(SEARCH("CORE 7",G5)),"Intel Core 7", IF(ISNUMBER(SEARCH("CORE 5",G5)),"Intel Core 5", IF(ISNUMBER(SEARCH("RYZEN AI 9",G5)),"AMD Ryzen AI 9", IF(ISNUMBER(SEARCH("RYZEN AI 7",G5)),"AMD Ryzen AI 7", IF(ISNUMBER(SEARCH("RYZEN 9",G5)),"AMD Ryzen 9", IF(ISNUMBER(SEARCH("RYZEN 7",G5)),"AMD Ryzen 7", IF(ISNUMBER(SEARCH("RYZEN 5",G5)),"AMD Ryzen 5", IF(ISNUMBER(SEARCH("SNAPDRAGON",G5)), IF(ISNUMBER(SEARCH("ELITE",G5)),"Snapdragon X Elite", IF(ISNUMBER(SEARCH("PLUS",G5)),"Snapdragon X Plus","Snapdragon")), "Other")))))))))))))))) -> Other | I5: 8 GB GDDR7 | J5: =IFERROR( LEFT( TRIM(MID(I5, MIN(FIND({0,1,2,3,4,5,6,7,8,9}, I5&"0123456789")), 100)), FIND("G", UPPER(TRIM(MID(I5, MIN(FIND({0,1,2,3,4,5,6,7,8,9}, I5&"0123456789")), 100)))) ) & "B", "" ) -> 8 GB | K5: 16GB, 2x8GB, DDR5, 5600 MT/s ( 5200 MT/s with Intel Core 5 CP U) | L5: =IFERROR( VALUE(SUBSTITUTE(SUBSTITUTE(LEFT(UPPER(TRIM(K5)),FIND("GB",UPPER(K5)&"GB")+1),"GB","")," ","")), IFERROR( VALUE(SUBSTITUTE(SUBSTITUTE(MID(UPPER(K5),FIND("GB",UPPER(K5)&"GB")-3,3),"GB","")," ","")) * IF( OR( ISNUMBER(SEARCH("2X",UPPER(K5))), ISNUMBER(SEARCH("X 2",UPPER(K5))), ISNUMBER(SEARCH("*2",UPPER(K5))), ISNUMBER(SEARCH("2*",UPPER(K5))), ISNUMBER(SEARCH("(2 X",UPPER(K5))) ), 2,1), "") ) -> 16 | M5: 512GB M.2 PCIe NVMe SSD | N5: =IFERROR( LEFT( TRIM(MID(M5, MIN(FIND({0,1,2,3,4,5,6,7,8,9}, M5&"0123456789")), 100)), FIND("B", UPPER(TRIM(MID(M5, MIN(FIND({0,1,2,3,4,5,6,7,8,9}, M5&"0123456789")), 100)))) ), "" ) -> 512GB | O5: =IFERROR( IF(RIGHT(TRIM(N5),2)="TB", VALUE(LEFT(TRIM(N5),LEN(TRIM(N5))-2))*1024 & "GB", TRIM(N5) ), "") -> 512GB | P5: 2560 x 1600 | Q5: =IFERROR( SUBSTITUTE(SUBSTITUTE(SUBSTITUTE(SUBSTITUTE(SUBSTITUTE(SUBSTITUTE( TRIM(P5), "*","x"),"×","x"),"X","x")," x ","x"),"x ","x")," x","x"), "") -> 2560x1600 | R5: 120 Hz | S5: =IFERROR( TRIM(LEFT(TRIM(R5), FIND(UPPER("H"), UPPER(TRIM(R5)))-1)) & "Hz", "") -> 120Hz | T5: Windows 11 Home | U5: =IFERROR( IF(AND(ISNUMBER(SEARCH("11",T5)),ISNUMBER(SEARCH("pro",T5))),"Windows 11 Pro", IF(AND(ISNUMBER(SEARCH("10",T5)),ISNUMBER(SEARCH("pro",T5))),"Windows 10 Pro", IF(ISNUMBER(SEARCH("11",T5)),"Windows 11 Home", IF(ISNUMBER(SEARCH("10",T5)),"Windows 10 Home", IF(OR(ISNUMBER(SEARCH("dos",T5)),ISNUMBER(SEARCH("DOS",T5))),"DOS", "Unknown"))))), "Unknown") -> Windows 11 Home | V5: 2.49 kg | W5: =IFERROR( IF(ISNUMBER(SEARCH(" g",SUBSTITUTE(V5,"gk","kg"))), ROUND(VALUE(TRIM(LEFT(SUBSTITUTE(V5,"gk","kg"),FIND(" ",SUBSTITUTE(V5,"gk","kg"))-1)))/1000,2) & " kg", IF(ISNUMBER(SEARCH("lb",V5)), ROUND(VALUE(TRIM(LEFT(V5,FIND(" ",V5)-1)))*0.453592,2) & " kg", ROUND(VALUE(TRIM(SUBSTITUTE(SUBSTITUTE(SUBSTITUTE(SUBSTITUTE(SUBSTITUTE(V5,"kg",""),"Kg",""),"KG",""),"gk",""),"g",""))),2) & " kg" )), "") -> 2.49 kg | X5: 1 Year | Y5: =IFERROR( IF(ISNUMBER(SEARCH("3",X5)), "3 Years", IF(ISNUMBER(SEARCH("2",X5)), "2 Years", IF(ISNUMBER(SEARCH("1",X5)), "1 Year", "Check Manually"))), "") -> 1 Year | Z5: 57999 | AA5: Unknown
A6: Dell | B6: =IF(OR(UPPER(TRIM(A6))="MSI", UPPER(TRIM(A6))="HP", UPPER(TRIM(A6))="ASUS"), UPPER(TRIM(A6)), PROPER(TRIM(A6))) -> Dell | C6: Alienware 16 Aurora AC16250 | D6: =TRIM(CLEAN(SUBSTITUTE(C6,CHAR(160)," "))) -> Alienware 16 Aurora AC16250 | E6: {=IFERROR( INDEX(Family_Map!$B$2:$B$35, _xludf.AGGREGATE(14,6,(ROW(Family_Map!$A$2:$A$35)-ROW(Family_Map!$A$2)+1)/(ISNUMBER(SEARCH(Family_Map!$A$2:$A$35,D6))),1) ), "Other")} -> Other | F6: Intel Core 9 270H | G6: =TRIM(SUBSTITUTE(SUBSTITUTE(SUBSTITUTE(SUBSTITUTE(SUBSTITUTE(F6,"®",""),"™",""),CHAR(160)," "),_xludf.UNICHAR(8203),"")," "," ")) -> #NAME? | H6: =IF(ISNUMBER(SEARCH("CORE ULTRA 9",G6)),"Intel Core Ultra 9", IF(ISNUMBER(SEARCH("CORE ULTRA 7",G6)),"Intel Core Ultra 7",IF(ISNUMBER(SEARCH("CORE I3",G6)),"Intel Core i3", IF(ISNUMBER(SEARCH("CORE ULTRA 5",G6)),"Intel Core Ultra 5", IF(ISNUMBER(SEARCH("CORE I9",G6)),"Intel Core i9", IF(ISNUMBER(SEARCH("CORE I7",G6)),"Intel Core i7", IF(ISNUMBER(SEARCH("CORE I5",G6)),"Intel Core i5", IF(ISNUMBER(SEARCH("CORE 9",G6)),"Intel Core 9", IF(ISNUMBER(SEARCH("CORE 7",G6)),"Intel Core 7", IF(ISNUMBER(SEARCH("CORE 5",G6)),"Intel Core 5", IF(ISNUMBER(SEARCH("RYZEN AI 9",G6)),"AMD Ryzen AI 9", IF(ISNUMBER(SEARCH("RYZEN AI 7",G6)),"AMD Ryzen AI 7", IF(ISNUMBER(SEARCH("RYZEN 9",G6)),"AMD Ryzen 9", IF(ISNUMBER(SEARCH("RYZEN 7",G6)),"AMD Ryzen 7", IF(ISNUMBER(SEARCH("RYZEN 5",G6)),"AMD Ryzen 5", IF(ISNUMBER(SEARCH("SNAPDRAGON",G6)), IF(ISNUMBER(SEARCH("ELITE",G6)),"Snapdragon X Elite", IF(ISNUMBER(SEARCH("PLUS",G6)),"Snapdragon X Plus","Snapdragon")), "Other")))))))))))))))) -> Other | I6: 8GB GDDR7 | J6: =IFERROR( LEFT( TRIM(MID(I6, MIN(FIND({0,1,2,3,4,5,6,7,8,9}, I6&"0123456789")), 100)), FIND("G", UPPER(TRIM(MID(I6, MIN(FIND({0,1,2,3,4,5,6,7,8,9}, I6&"0123456789")), 100)))) ) & "B", "" ) -> 8GB | K6: 16GB, 2x8GB, DDR5, 5600 MT/s | L6: =IFERROR( VALUE(SUBSTITUTE(SUBSTITUTE(LEFT(UPPER(TRIM(K6)),FIND("GB",UPPER(K6)&"GB")+1),"GB","")," ","")), IFERROR( VALUE(SUBSTITUTE(SUBSTITUTE(MID(UPPER(K6),FIND("GB",UPPER(K6)&"GB")-3,3),"GB","")," ","")) * IF( OR( ISNUMBER(SEARCH("2X",UPPER(K6))), ISNUMBER(SEARCH("X 2",UPPER(K6))), ISNUMBER(SEARCH("*2",UPPER(K6))), ISNUMBER(SEARCH("2*",UPPER(K6))), ISNUMBER(SEARCH("(2 X",UPPER(K6))) ), 2,1), "") ) -> 16 | M6: 1TB M.2 PCIe NVMe SSD | N6: =IFERROR( LEFT( TRIM(MID(M6, MIN(FIND({0,1,2,3,4,5,6,7,8,9}, M6&"0123456789")), 100)), FIND("B", UPPER(TRIM(MID(M6, MIN(FIND({0,1,2,3,4,5,6,7,8,9}, M6&"0123456789")), 100)))) ), "" ) -> 1TB | O6: =IFERROR( IF(RIGHT(TRIM(N6),2)="TB", VALUE(LEFT(TRIM(N6),LEN(TRIM(N6))-2))*1024 & "GB", TRIM(N6) ), "") -> 1024GB | P6: 2560 x 1600 | Q6: =IFERROR( SUBSTITUTE(SUBSTITUTE(SUBSTITUTE(SUBSTITUTE(SUBSTITUTE(SUBSTITUTE( TRIM(P6), "*","x"),"×","x"),"X","x")," x ","x"),"x ","x")," x","x"), "") -> 2560x1600 | R6: 120 Hz | S6: =IFERROR( TRIM(LEFT(TRIM(R6), FIND(UPPER("H"), UPPER(TRIM(R6)))-1)) & "Hz", "") -> 120Hz | T6: DOS | U6: =IFERROR( IF(AND(ISNUMBER(SEARCH("11",T6)),ISNUMBER(SEARCH("pro",T6))),"Windows 11 Pro", IF(AND(ISNUMBER(SEARCH("10",T6)),ISNUMBER(SEARCH("pro",T6))),"Windows 10 Pro", IF(ISNUMBER(SEARCH("11",T6)),"Windows 11 Home", IF(ISNUMBER(SEARCH("10",T6)),"Windows 10 Home", IF(OR(ISNUMBER(SEARCH("dos",T6)),ISNUMBER(SEARCH("DOS",T6))),"DOS", "Unknown"))))), "Unknown") -> DOS | V6: 2.49 kg | W6: =IFERROR( IF(ISNUMBER(SEARCH(" g",SUBSTITUTE(V6,"gk","kg"))), ROUND(VALUE(TRIM(LEFT(SUBSTITUTE(V6,"gk","kg"),FIND(" ",SUBSTITUTE(V6,"gk","kg"))-1)))/1000,2) & " kg", IF(ISNUMBER(SEARCH("lb",V6)), ROUND(VALUE(TRIM(LEFT(V6,FIND(" ",V6)-1)))*0.453592,2) & " kg", ROUND(VALUE(TRIM(SUBSTITUTE(SUBSTITUTE(SUBSTITUTE(SUBSTITUTE(SUBSTITUTE(V6,"kg",""),"Kg",""),"KG",""),"gk",""),"g",""))),2) & " kg" )), "") -> 2.49 kg | X6: 1 Year | Y6: =IFERROR( IF(ISNUMBER(SEARCH("3",X6)), "3 Years", IF(ISNUMBER(SEARCH("2",X6)), "2 Years", IF(ISNUMBER(SEARCH("1",X6)), "1 Year", "Check Manually"))), "") -> 1 Year | Z6: 89999 | AA6: Unknown
A7: Dell | B7: =IF(OR(UPPER(TRIM(A7))="MSI", UPPER(TRIM(A7))="HP", UPPER(TRIM(A7))="ASUS"), UPPER(TRIM(A7)), PROPER(TRIM(A7))) -> Dell | C7: Alienware 16 Aurora AC16250 | D7: =TRIM(CLEAN(SUBSTITUTE(C7,CHAR(160)," "))) -> Alienware 16 Aurora AC16250 | E7: {=IFERROR( INDEX(Family_Map!$B$2:$B$35, _xludf.AGGREGATE(14,6,(ROW(Family_Map!$A$2:$A$35)-ROW(Family_Map!$A$2)+1)/(ISNUMBER(SEARCH(Family_Map!$A$2:$A$35,D7))),1) ), "Other")} -> Other | F7: Intel Core 7 240H | G7: =TRIM(SUBSTITUTE(SUBSTITUTE(SUBSTITUTE(SUBSTITUTE(SUBSTITUTE(F7,"®",""),"™",""),CHAR(160)," "),_xludf.UNICHAR(8203),"")," "," ")) -> #NAME? | H7: =IF(ISNUMBER(SEARCH("CORE ULTRA 9",G7)),"Intel Core Ultra 9", IF(ISNUMBER(SEARCH("CORE ULTRA 7",G7)),"Intel Core Ultra 7",IF(ISNUMBER(SEARCH("CORE I3",G7)),"Intel Core i3", IF(ISNUMBER(SEARCH("CORE ULTRA 5",G7)),"Intel Core Ultra 5", IF(ISNUMBER(SEARCH("CORE I9",G7)),"Intel Core i9", IF(ISNUMBER(SEARCH("CORE I7",G7)),"Intel Core i7", IF(ISNUMBER(SEARCH("CORE I5",G7)),"Intel Core i5", IF(ISNUMBER(SEARCH("CORE 9",G7)),"Intel Core 9", IF(ISNUMBER(SEARCH("CORE 7",G7)),"Intel Core 7", IF(ISNUMBER(SEARCH("CORE 5",G7)),"Intel Core 5", IF(ISNUMBER(SEARCH("RYZEN AI 9",G7)),"AMD Ryzen AI 9", IF(ISNUMBER(SEARCH("RYZEN AI 7",G7)),"AMD Ryzen AI 7", IF(ISNUMBER(SEARCH("RYZEN 9",G7)),"AMD Ryzen 9", IF(ISNUMBER(SEARCH("RYZEN 7",G7)),"AMD Ryzen 7", IF(ISNUMBER(SEARCH("RYZEN 5",G7)),"AMD Ryzen 5", IF(ISNUMBER(SEARCH("SNAPDRAGON",G7)), IF(ISNUMBER(SEARCH("ELITE",G7)),"Snapdragon X Elite", IF(ISNUMBER(SEARCH("PLUS",G7)),"Snapdragon X Plus","Snapdragon")), "Other")))))))))))))))) -> Other | I7: 8 GB GDDR7 | J7: =IFERROR( LEFT( TRIM(MID(I7, MIN(FIND({0,1,2,3,4,5,6,7,8,9}, I7&"0123456789")), 100)), FIND("G", UPPER(TRIM(MID(I7, MIN(FIND({0,1,2,3,4,5,6,7,8,9}, I7&"0123456789")), 100)))) ) & "B", "" ) -> 8 GB | K7: 32GB, 2x16GB, DDR5, 5600 MT/s | L7: =IFERROR( VALUE(SUBSTITUTE(SUBSTITUTE(LEFT(UPPER(TRIM(K7)),FIND("GB",UPPER(K7)&"GB")+1),"GB","")," ","")), IFERROR( VALUE(SUBSTITUTE(SUBSTITUTE(MID(UPPER(K7),FIND("GB",UPPER(K7)&"GB")-3,3),"GB","")," ","")) * IF( OR( ISNUMBER(SEARCH("2X",UPPER(K7))), ISNUMBER(SEARCH("X 2",UPPER(K7))), ISNUMBER(SEARCH("*2",UPPER(K7))), ISNUMBER(SEARCH("2*",UPPER(K7))), ISNUMBER(SEARCH("(2 X",UPPER(K7))) ), 2,1), "") ) -> 32 | M7: 1TB M.2 PCIe NVMe SSD | N7: =IFERROR( LEFT( TRIM(MID(M7, MIN(FIND({0,1,2,3,4,5,6,7,8,9}, M7&"0123456789")), 100)), FIND("B", UPPER(TRIM(MID(M7, MIN(FIND({0,1,2,3,4,5,6,7,8,9}, M7&"0123456789")), 100)))) ), "" ) -> 1TB | O7: =IFERROR( IF(RIGHT(TRIM(N7),2)="TB", VALUE(LEFT(TRIM(N7),LEN(TRIM(N7))-2))*1024 & "GB", TRIM(N7) ), "") -> 1024GB | P7: 2560 x 1600 | Q7: =IFERROR( SUBSTITUTE(SUBSTITUTE(SUBSTITUTE(SUBSTITUTE(SUBSTITUTE(SUBSTITUTE( TRIM(P7), "*","x"),"×","x"),"X","x")," x ","x"),"x ","x")," x","x"), "") -> 2560x1600 | R7: 120 Hz | S7: =IFERROR( TRIM(LEFT(TRIM(R7), FIND(UPPER("H"), UPPER(TRIM(R7)))-1)) & "Hz", "") -> 120Hz | T7: DOS | U7: =IFERROR( IF(AND(ISNUMBER(SEARCH("11",T7)),ISNUMBER(SEARCH("pro",T7))),"Windows 11 Pro", IF(AND(ISNUMBER(SEARCH("10",T7)),ISNUMBER(SEARCH("pro",T7))),"Windows 10 Pro", IF(ISNUMBER(SEARCH("11",T7)),"Windows 11 Home", IF(ISNUMBER(SEARCH("10",T7)),"Windows 10 Home", IF(OR(ISNUMBER(SEARCH("dos",T7)),ISNUMBER(SEARCH("DOS",T7))),"DOS", "Unknown"))))), "Unknown") -> DOS | V7: 2.49 kg | W7: =IFERROR( IF(ISNUMBER(SEARCH(" g",SUBSTITUTE(V7,"gk","kg"))), ROUND(VALUE(TRIM(LEFT(SUBSTITUTE(V7,"gk","kg"),FIND(" ",SUBSTITUTE(V7,"gk","kg"))-1)))/1000,2) & " kg", IF(ISNUMBER(SEARCH("lb",V7)), ROUND(VALUE(TRIM(LEFT(V7,FIND(" ",V7)-1)))*0.453592,2) & " kg", ROUND(VALUE(TRIM(SUBSTITUTE(SUBSTITUTE(SUBSTITUTE(SUBSTITUTE(SUBSTITUTE(V7,"kg",""),"Kg",""),"KG",""),"gk",""),"g",""))),2) & " kg" )), "") -> 2.49 kg | X7: 1 Year | Y7: =IFERROR( IF(ISNUMBER(SEARCH("3",X7)), "3 Years", IF(ISNUMBER(SEARCH("2",X7)), "2 Years", IF(ISNUMBER(SEARCH("1",X7)), "1 Year", "Check Manually"))), "") -> 1 Year | Z7: 67999 | AA7: Unknown | AE7: Brand | AF7: Product Name | AG7: Processor | AH7: Video Graphics | AI7: Video Graphics Memorey
A8: Dell | B8: =IF(OR(UPPER(TRIM(A8))="MSI", UPPER(TRIM(A8))="HP", UPPER(TRIM(A8))="ASUS"), UPPER(TRIM(A8)), PROPER(TRIM(A8))) -> Dell | C8: Alienware 16 Aurora AC16250 | D8: =TRIM(CLEAN(SUBSTITUTE(C8,CHAR(160)," "))) -> Alienware 16 Aurora AC16250 | E8: {=IFERROR( INDEX(Family_Map!$B$2:$B$35, _xludf.AGGREGATE(14,6,(ROW(Family_Map!$A$2:$A$35)-ROW(Family_Map!$A$2)+1)/(ISNUMBER(SEARCH(Family_Map!$A$2:$A$35,D8))),1) ), "Other")} -> Other | F8: Intel Core 7 240H | G8: =TRIM(SUBSTITUTE(SUBSTITUTE(SUBSTITUTE(SUBSTITUTE(SUBSTITUTE(F8,"®",""),"™",""),CHAR(160)," "),_xludf.UNICHAR(8203),"")," "," ")) -> #NAME? | H8: =IF(ISNUMBER(SEARCH("CORE ULTRA 9",G8)),"Intel Core Ultra 9", IF(ISNUMBER(SEARCH("CORE ULTRA 7",G8)),"Intel Core Ultra 7",IF(ISNUMBER(SEARCH("CORE I3",G8)),"Intel Core i3", IF(ISNUMBER(SEARCH("CORE ULTRA 5",G8)),"Intel Core Ultra 5", IF(ISNUMBER(SEARCH("CORE I9",G8)),"Intel Core i9", IF(ISNUMBER(SEARCH("CORE I7",G8)),"Intel Core i7", IF(ISNUMBER(SEARCH("CORE I5",G8)),"Intel Core i5", IF(ISNUMBER(SEARCH("CORE 9",G8)),"Intel Core 9", IF(ISNUMBER(SEARCH("CORE 7",G8)),"Intel Core 7", IF(ISNUMBER(SEARCH("CORE 5",G8)),"Intel Core 5", IF(ISNUMBER(SEARCH("RYZEN AI 9",G8)),"AMD Ryzen AI 9", IF(ISNUMBER(SEARCH("RYZEN AI 7",G8)),"AMD Ryzen AI 7", IF(ISNUMBER(SEARCH("RYZEN 9",G8)),"AMD Ryzen 9", IF(ISNUMBER(SEARCH("RYZEN 7",G8)),"AMD Ryzen 7", IF(ISNUMBER(SEARCH("RYZEN 5",G8)),"AMD Ryzen 5", IF(ISNUMBER(SEARCH("SNAPDRAGON",G8)), IF(ISNUMBER(SEARCH("ELITE",G8)),"Snapdragon X Elite", IF(ISNUMBER(SEARCH("PLUS",G8)),"Snapdragon X Plus","Snapdragon")), "Other")))))))))))))))) -> Other | I8: 8 GB GDDR7 | J8: =IFERROR( LEFT( TRIM(MID(I8, MIN(FIND({0,1,2,3,4,5,6,7,8,9}, I8&"0123456789")), 100)), FIND("G", UPPER(TRIM(MID(I8, MIN(FIND({0,1,2,3,4,5,6,7,8,9}, I8&"0123456789")), 100)))) ) & "B", "" ) -> 8 GB | K8: 16GB, 2x8GB, DDR5, 5600 MT/s ( 5200 MT/s with Intel Core 5 CP U) | L8: =IFERROR( VALUE(SUBSTITUTE(SUBSTITUTE(LEFT(UPPER(TRIM(K8)),FIND("GB",UPPER(K8)&"GB")+1),"GB","")," ","")), IFERROR( VALUE(SUBSTITUTE(SUBSTITUTE(MID(UPPER(K8),FIND("GB",UPPER(K8)&"GB")-3,3),"GB","")," ","")) * IF( OR( ISNUMBER(SEARCH("2X",UPPER(K8))), ISNUMBER(SEARCH("X 2",UPPER(K8))), ISNUMBER(SEARCH("*2",UPPER(K8))), ISNUMBER(SEARCH("2*",UPPER(K8))), ISNUMBER(SEARCH("(2 X",UPPER(K8))) ), 2,1), "") ) -> 16 | M8: 1TB M.2 PCIe NVMe SSD | N8: =IFERROR( LEFT( TRIM(MID(M8, MIN(FIND({0,1,2,3,4,5,6,7,8,9}, M8&"0123456789")), 100)), FIND("B", UPPER(TRIM(MID(M8, MIN(FIND({0,1,2,3,4,5,6,7,8,9}, M8&"0123456789")), 100)))) ), "" ) -> 1TB | O8: =IFERROR( IF(RIGHT(TRIM(N8),2)="TB", VALUE(LEFT(TRIM(N8),LEN(TRIM(N8))-2))*1024 & "GB", TRIM(N8) ), "") -> 1024GB | P8: 2560 x 1600 | Q8: =IFERROR( SUBSTITUTE(SUBSTITUTE(SUBSTITUTE(SUBSTITUTE(SUBSTITUTE(SUBSTITUTE( TRIM(P8), "*","x"),"×","x"),"X","x")," x ","x"),"x ","x")," x","x"), "") -> 2560x1600 | R8: 120Hz | S8: =IFERROR( TRIM(LEFT(TRIM(R8), FIND(UPPER("H"), UPPER(TRIM(R8)))-1)) & "Hz", "") -> 120Hz | T8: DOS | U8: =IFERROR( IF(AND(ISNUMBER(SEARCH("11",T8)),ISNUMBER(SEARCH("pro",T8))),"Windows 11 Pro", IF(AND(ISNUMBER(SEARCH("10",T8)),ISNUMBER(SEARCH("pro",T8))),"Windows 10 Pro", IF(ISNUMBER(SEARCH("11",T8)),"Windows 11 Home", IF(ISNUMBER(SEARCH("10",T8)),"Windows 10 Home", IF(OR(ISNUMBER(SEARCH("dos",T8)),ISNUMBER(SEARCH("DOS",T8))),"DOS", "Unknown"))))), "Unknown") -> DOS | V8: 2.49 kg | W8: =IFERROR( IF(ISNUMBER(SEARCH(" g",SUBSTITUTE(V8,"gk","kg"))), ROUND(VALUE(TRIM(LEFT(SUBSTITUTE(V8,"gk","kg"),FIND(" ",SUBSTITUTE(V8,"gk","kg"))-1)))/1000,2) & " kg", IF(ISNUMBER(SEARCH("lb",V8)), ROUND(VALUE(TRIM(LEFT(V8,FIND(" ",V8)-1)))*0.453592,2) & " kg", ROUND(VALUE(TRIM(SUBSTITUTE(SUBSTITUTE(SUBSTITUTE(SUBSTITUTE(SUBSTITUTE(V8,"kg",""),"Kg",""),"KG",""),"gk",""),"g",""))),2) & " kg" )), "") -> 2.49 kg | X8: 1 Year | Y8: =IFERROR( IF(ISNUMBER(SEARCH("3",X8)), "3 Years", IF(ISNUMBER(SEARCH("2",X8)), "2 Years", IF(ISNUMBER(SEARCH("1",X8)), "1 Year", "Check Manually"))), "") -> 1 Year | Z8: 57999 | AA8: Unknown | AE8: =COUNTBLANK(A2:A1015) -> 56 | AF8: =COUNTBLANK(C2:C1015) -> 0 | AG8: =COUNTBLANK(F2:F1015) -> 0 | AH8: =COUNTBLANK(#REF!) -> #REF! | AI8: =COUNTBLANK(I2:I1015) -> 346
A9: HP | B9: =IF(OR(UPPER(TRIM(A9))="MSI", UPPER(TRIM(A9))="HP", UPPER(TRIM(A9))="ASUS"), UPPER(TRIM(A9)), PROPER(TRIM(A9))) -> HP | C9: Victus 15-fa2318TX | D9: =TRIM(CLEAN(SUBSTITUTE(C9,CHAR(160)," "))) -> Victus 15-fa2318TX | E9: {=IFERROR( INDEX(Family_Map!$B$2:$B$35, _xludf.AGGREGATE(14,6,(ROW(Family_Map!$A$2:$A$35)-ROW(Family_Map!$A$2)+1)/(ISNUMBER(SEARCH(Family_Map!$A$2:$A$35,D9))),1) ), "Other")} -> Other | F9: Intel® Core™ i7-13620H | G9: =TRIM(SUBSTITUTE(SUBSTITUTE(SUBSTITUTE(SUBSTITUTE(SUBSTITUTE(F9,"®",""),"™",""),CHAR(160)," "),_xludf.UNICHAR(8203),"")," "," ")) -> #NAME? | H9: =IF(ISNUMBER(SEARCH("CORE ULTRA 9",G9)),"Intel Core Ultra 9", IF(ISNUMBER(SEARCH("CORE ULTRA 7",G9)),"Intel Core Ultra 7",IF(ISNUMBER(SEARCH("CORE I3",G9)),"Intel Core i3", IF(ISNUMBER(SEARCH("CORE ULTRA 5",G9)),"Intel Core Ultra 5", IF(ISNUMBER(SEARCH("CORE I9",G9)),"Intel Core i9", IF(ISNUMBER(SEARCH("CORE I7",G9)),"Intel Core i7", IF(ISNUMBER(SEARCH("CORE I5",G9)),"Intel Core i5", IF(ISNUMBER(SEARCH("CORE 9",G9)),"Intel Core 9", IF(ISNUMBER(SEARCH("CORE 7",G9)),"Intel Core 7", IF(ISNUMBER(SEARCH("CORE 5",G9)),"Intel Core 5", IF(ISNUMBER(SEARCH("RYZEN AI 9",G9)),"AMD Ryzen AI 9", IF(ISNUMBER(SEARCH("RYZEN AI 7",G9)),"AMD Ryzen AI 7", IF(ISNUMBER(SEARCH("RYZEN 9",G9)),"AMD Ryzen 9", IF(ISNUMBER(SEARCH("RYZEN 7",G9)),"AMD Ryzen 7", IF(ISNUMBER(SEARCH("RYZEN 5",G9)),"AMD Ryzen 5", IF(ISNUMBER(SEARCH("SNAPDRAGON",G9)), IF(ISNUMBER(SEARCH("ELITE",G9)),"Snapdragon X Elite", IF(ISNUMBER(SEARCH("PLUS",G9)),"Snapdragon X Plus","Snapdragon")), "Other")))))))))))))))) -> Other | I9: 6 GB GDDR6 | J9: =IFERROR( LEFT( TRIM(MID(I9, MIN(FIND({0,1,2,3,4,5,6,7,8,9}, I9&"0123456789")), 100)), FIND("G", UPPER(TRIM(MID(I9, MIN(FIND({0,1,2,3,4,5,6,7,8,9}, I9&"0123456789")), 100)))) ) & "B", "" ) -> 6 GB | K9: 16 GB DDR4-3200 MT/s (1 x 16 GB) | L9: =IFERROR( VALUE(SUBSTITUTE(SUBSTITUTE(LEFT(UPPER(TRIM(K9)),FIND("GB",UPPER(K9)&"GB")+1),"GB","")," ","")), IFERROR( VALUE(SUBSTITUTE(SUBSTITUTE(MID(UPPER(K9),FIND("GB",UPPER(K9)&"GB")-3,3),"GB","")," ","")) * IF( OR( ISNUMBER(SEARCH("2X",UPPER(K9))), ISNUMBER(SEARCH("X 2",UPPER(K9))), ISNUMBER(SEARCH("*2",UPPER(K9))), ISNUMBER(SEARCH("2*",UPPER(K9))), ISNUMBER(SEARCH("(2 X",UPPER(K9))) ), 2,1), "") ) -> 16 | M9: 512 GB PCIe® Gen4 NVMe™ M.2 SSD | N9: =IFERROR( LEFT( TRIM(MID(M9, MIN(FIND({0,1,2,3,4,5,6,7,8,9}, M9&"0123456789")), 100)), FIND("B", UPPER(TRIM(MID(M9, MIN(FIND({0,1,2,3,4,5,6,7,8,9}, M9&"0123456789")), 100)))) ), "" ) -> 512 GB | O9: =IFERROR( IF(RIGHT(TRIM(N9),2)="TB", VALUE(LEFT(TRIM(N9),LEN(TRIM(N9))-2))*1024 & "GB", TRIM(N9) ), "") -> 512 GB | P9: 1920 x 1080 | Q9: =IFERROR( SUBSTITUTE(SUBSTITUTE(SUBSTITUTE(SUBSTITUTE(SUBSTITUTE(SUBSTITUTE( TRIM(P9), "*","x"),"×","x"),"X","x")," x ","x"),"x ","x")," x","x"), "") -> 1920x1080 | R9: 144 Hz | S9: =IFERROR( TRIM(LEFT(TRIM(R9), FIND(UPPER("H"), UPPER(TRIM(R9)))-1)) & "Hz", "") -> 144Hz | T9: Dos | U9: =IFERROR( IF(AND(ISNUMBER(SEARCH("11",T9)),ISNUMBER(SEARCH("pro",T9))),"Windows 11 Pro", IF(AND(ISNUMBER(SEARCH("10",T9)),ISNUMBER(SEARCH("pro",T9))),"Windows 10 Pro", IF(ISNUMBER(SEARCH("11",T9)),"Windows 11 Home", IF(ISNUMBER(SEARCH("10",T9)),"Windows 10 Home", IF(OR(ISNUMBER(SEARCH("dos",T9)),ISNUMBER(SEARCH("DOS",T9))),"DOS", "Unknown"))))), "Unknown") -> DOS | V9: 2.29 kg | W9: =IFERROR( IF(ISNUMBER(SEARCH(" g",SUBSTITUTE(V9,"gk","kg"))), ROUND(VALUE(TRIM(LEFT(SUBSTITUTE(V9,"gk","kg"),FIND(" ",SUBSTITUTE(V9,"gk","kg"))-1)))/1000,2) & " kg", IF(ISNUMBER(SEARCH("lb",V9)), ROUND(VALUE(TRIM(LEFT(V9,FIND(" ",V9)-1)))*0.453592,2) & " kg", ROUND(VALUE(TRIM(SUBSTITUTE(SUBSTITUTE(SUBSTITUTE(SUBSTITUTE(SUBSTITUTE(V9,"kg",""),"Kg",""),"KG",""),"gk",""),"g",""))),2) & " kg" )), "") -> 2.29 kg | X9: 1 year | Y9: =IFERROR( IF(ISNUMBER(SEARCH("3",X9)), "3 Years", IF(ISNUMBER(SEARCH("2",X9)), "2 Years", IF(ISNUMBER(SEARCH("1",X9)), "1 Year", "Check Manually"))), "") -> 1 Year | Z9: 40999 | AA9: 13th generation
A10: HP | B10: =IF(OR(UPPER(TRIM(A10))="MSI", UPPER(TRIM(A10))="HP", UPPER(TRIM(A10))="ASUS"), UPPER(TRIM(A10)), PROPER(TRIM(A10))) -> HP | C10: Victus 16-r1042ne | D10: =TRIM(CLEAN(SUBSTITUTE(C10,CHAR(160)," "))) -> Victus 16-r1042ne | E10: {=IFERROR( INDEX(Family_Map!$B$2:$B$35, _xludf.AGGREGATE(14,6,(ROW(Family_Map!$A$2:$A$35)-ROW(Family_Map!$A$2)+1)/(ISNUMBER(SEARCH(Family_Map!$A$2:$A$35,D10))),1) ), "Other")} -> Other | F10: Intel® Core™ i7-14700HX | G10: =TRIM(SUBSTITUTE(SUBSTITUTE(SUBSTITUTE(SUBSTITUTE(SUBSTITUTE(F10,"®",""),"™",""),CHAR(160)," "),_xludf.UNICHAR(8203),"")," "," ")) -> #NAME? | H10: =IF(ISNUMBER(SEARCH("CORE ULTRA 9",G10)),"Intel Core Ultra 9", IF(ISNUMBER(SEARCH("CORE ULTRA 7",G10)),"Intel Core Ultra 7",IF(ISNUMBER(SEARCH("CORE I3",G10)),"Intel Core i3", IF(ISNUMBER(SEARCH("CORE ULTRA 5",G10)),"Intel Core Ultra 5", IF(ISNUMBER(SEARCH("CORE I9",G10)),"Intel Core i9", IF(ISNUMBER(SEARCH("CORE I7",G10)),"Intel Core i7", IF(ISNUMBER(SEARCH("CORE I5",G10)),"Intel Core i5", IF(ISNUMBER(SEARCH("CORE 9",G10)),"Intel Core 9", IF(ISNUMBER(SEARCH("CORE 7",G10)),"Intel Core 7", IF(ISNUMBER(SEARCH("CORE 5",G10)),"Intel Core 5", IF(ISNUMBER(SEARCH("RYZEN AI 9",G10)),"AMD Ryzen AI 9", IF(ISNUMBER(SEARCH("RYZEN AI 7",G10)),"AMD Ryzen AI 7", IF(ISNUMBER(SEARCH("RYZEN 9",G10)),"AMD Ryzen 9", IF(ISNUMBER(SEARCH("RYZEN 7",G10)),"AMD Ryzen 7", IF(ISNUMBER(SEARCH("RYZEN 5",G10)),"AMD Ryzen 5", IF(ISNUMBER(SEARCH("SNAPDRAGON",G10)), IF(ISNUMBER(SEARCH("ELITE",G10)),"Snapdragon X Elite", IF(ISNUMBER(SEARCH("PLUS",G10)),"Snapdragon X Plus","Snapdragon")), "Other")))))))))))))))) -> Other | I10: 6 GB GDDR6 | J10: =IFERROR( LEFT( TRIM(MID(I10, MIN(FIND({0,1,2,3,4,5,6,7,8,9}, I10&"0123456789")), 100)), FIND("G", UPPER(TRIM(MID(I10, MIN(FIND({0,1,2,3,4,5,6,7,8,9}, I10&"0123456789")), 100)))) ) & "B", "" ) -> 6 GB | K10: 16 GB DDR5-5600 MT/s (2 x 8 GB) Transfer rates up to 5600 MT/s. 2 x 8 GB | L10: =IFERROR( VALUE(SUBSTITUTE(SUBSTITUTE(LEFT(UPPER(TRIM(K10)),FIND("GB",UPPER(K10)&"GB")+1),"GB","")," ","")), IFERROR( VALUE(SUBSTITUTE(SUBSTITUTE(MID(UPPER(K10),FIND("GB",UPPER(K10)&"GB")-3,3),"GB","")," ","")) * IF( OR( ISNUMBER(SEARCH("2X",UPPER(K10))), ISNUMBER(SEARCH("X 2",UPPER(K10))), ISNUMBER(SEARCH("*2",UPPER(K10))), ISNUMBER(SEARCH("2*",UPPER(K10))), ISNUMBER(SEARCH("(2 X",UPPER(K10))) ), 2,1), "") ) -> 16 | M10: 512 GB PCIe® Gen4 NVMe™ TLC M.2 SSD | N10: =IFERROR( LEFT( TRIM(MID(M10, MIN(FIND({0,1,2,3,4,5,6,7,8,9}, M10&"0123456789")), 100)), FIND("B", UPPER(TRIM(MID(M10, MIN(FIND({0,1,2,3,4,5,6,7,8,9}, M10&"0123456789")), 100)))) ), "" ) -> 512 GB | O10: =IFERROR( IF(RIGHT(TRIM(N10),2)="TB", VALUE(LEFT(TRIM(N10),LEN(TRIM(N10))-2))*1024 & "GB", TRIM(N10) ), "") -> 512 GB | P10: 1920 x 1080 | Q10: =IFERROR( SUBSTITUTE(SUBSTITUTE(SUBSTITUTE(SUBSTITUTE(SUBSTITUTE(SUBSTITUTE( TRIM(P10), "*","x"),"×","x"),"X","x")," x ","x"),"x ","x")," x","x"), "") -> 1920x1080 | R10: 144 Hz | S10: =IFERROR( TRIM(LEFT(TRIM(R10), FIND(UPPER("H"), UPPER(TRIM(R10)))-1)) & "Hz", "") -> 144Hz | T10: Dos | U10: =IFERROR( IF(AND(ISNUMBER(SEARCH("11",T10)),ISNUMBER(SEARCH("pro",T10))),"Windows 11 Pro", IF(AND(ISNUMBER(SEARCH("10",T10)),ISNUMBER(SEARCH("pro",T10))),"Windows 10 Pro", IF(ISNUMBER(SEARCH("11",T10)),"Windows 11 Home", IF(ISNUMBER(SEARCH("10",T10)),"Windows 10 Home", IF(OR(ISNUMBER(SEARCH("dos",T10)),ISNUMBER(SEARCH("DOS",T10))),"DOS", "Unknown"))))), "Unknown") -> DOS | V10: 2.31 kg | W10: =IFERROR( IF(ISNUMBER(SEARCH(" g",SUBSTITUTE(V10,"gk","kg"))), ROUND(VALUE(TRIM(LEFT(SUBSTITUTE(V10,"gk","kg"),FIND(" ",SUBSTITUTE(V10,"gk","kg"))-1)))/1000,2) & " kg", IF(ISNUMBER(SEARCH("lb",V10)), ROUND(VALUE(TRIM(LEFT(V10,FIND(" ",V10)-1)))*0.453592,2) & " kg", ROUND(VALUE(TRIM(SUBSTITUTE(SUBSTITUTE(SUBSTITUTE(SUBSTITUTE(SUBSTITUTE(V10,"kg",""),"Kg",""),"KG",""),"gk",""),"g",""))),2) & " kg" )), "") -> 2.31 kg | X10: 1 year | Y10: =IFERROR( IF(ISNUMBER(SEARCH("3",X10)), "3 Years", IF(ISNUMBER(SEARCH("2",X10)), "2 Years", IF(ISNUMBER(SEARCH("1",X10)), "1 Year", "Check Manually"))), "") -> 1 Year | Z10: 51499 | AA10: 14th generation
A11: HP | B11: =IF(OR(UPPER(TRIM(A11))="MSI", UPPER(TRIM(A11))="HP", UPPER(TRIM(A11))="ASUS"), UPPER(TRIM(A11)), PROPER(TRIM(A11))) -> HP | C11: Victus 15-FA2317TX | D11: =TRIM(CLEAN(SUBSTITUTE(C11,CHAR(160)," "))) -> Victus 15-FA2317TX | E11: {=IFERROR( INDEX(Family_Map!$B$2:$B$35, _xludf.AGGREGATE(14,6,(ROW(Family_Map!$A$2:$A$35)-ROW(Family_Map!$A$2)+1)/(ISNUMBER(SEARCH(Family_Map!$A$2:$A$35,D11))),1) ), "Other")} -> Other | F11: Intel® Core™ i7-13620H | G11: =TRIM(SUBSTITUTE(SUBSTITUTE(SUBSTITUTE(SUBSTITUTE(SUBSTITUTE(F11,"®",""),"™",""),CHAR(160)," "),_xludf.UNICHAR(8203),"")," "," ")) -> #NAME? | H11: =IF(ISNUMBER(SEARCH("CORE ULTRA 9",G11)),"Intel Core Ultra 9", IF(ISNUMBER(SEARCH("CORE ULTRA 7",G11)),"Intel Core Ultra 7",IF(ISNUMBER(SEARCH("CORE I3",G11)),"Intel Core i3", IF(ISNUMBER(SEARCH("CORE ULTRA 5",G11)),"Intel Core Ultra 5", IF(ISNUMBER(SEARCH("CORE I9",G11)),"Intel Core i9", IF(ISNUMBER(SEARCH("CORE I7",G11)),"Intel Core i7", IF(ISNUMBER(SEARCH("CORE I5",G11)),"Intel Core i5", IF(ISNUMBER(SEARCH("CORE 9",G11)),"Intel Core 9", IF(ISNUMBER(SEARCH("CORE 7",G11)),"Intel Core 7", IF(ISNUMBER(SEARCH("CORE 5",G11)),"Intel Core 5", IF(ISNUMBER(SEARCH("RYZEN AI 9",G11)),"AMD Ryzen AI 9", IF(ISNUMBER(SEARCH("RYZEN AI 7",G11)),"AMD Ryzen AI 7", IF(ISNUMBER(SEARCH("RYZEN 9",G11)),"AMD Ryzen 9", IF(ISNUMBER(SEARCH("RYZEN 7",G11)),"AMD Ryzen 7", IF(ISNUMBER(SEARCH("RYZEN 5",G11)),"AMD Ryzen 5", IF(ISNUMBER(SEARCH("SNAPDRAGON",G11)), IF(ISNUMBER(SEARCH("ELITE",G11)),"Snapdragon X Elite", IF(ISNUMBER(SEARCH("PLUS",G11)),"Snapdragon X Plus","Snapdragon")), "Other")))))))))))))))) -> Other | I11: 6 GB GDDR6 | J11: =IFERROR( LEFT( TRIM(MID(I11, MIN(FIND({0,1,2,3,4,5,6,7,8,9}, I11&"0123456789")), 100)), FIND("G", UPPER(TRIM(MID(I11, MIN(FIND({0,1,2,3,4,5,6,7,8,9}, I11&"0123456789")), 100)))) ) & "B", "" ) -> 6 GB | K11: 16 GB DDR4-3200 MT/s (1 x 16 GB) Transfer rates up to 3200 MT/s. 1 x 16 GB | L11: =IFERROR( VALUE(SUBSTITUTE(SUBSTITUTE(LEFT(UPPER(TRIM(K11)),FIND("GB",UPPER(K11)&"GB")+1),"GB","")," ","")), IFERROR( VALUE(SUBSTITUTE(SUBSTITUTE(MID(UPPER(K11),FIND("GB",UPPER(K11)&"GB")-3,3),"GB","")," ","")) * IF( OR( ISNUMBER(SEARCH("2X",UPPER(K11))), ISNUMBER(SEARCH("X 2",UPPER(K11))), ISNUMBER(SEARCH("*2",UPPER(K11))), ISNUMBER(SEARCH("2*",UPPER(K11))), ISNUMBER(SEARCH("(2 X",UPPER(K11))) ), 2,1), "") ) -> 16 | M11: 512 GB PCIe® Gen4 NVMe™ M.2 SSD | N11: =IFERROR( LEFT( TRIM(MID(M11, MIN(FIND({0,1,2,3,4,5,6,7,8,9}, M11&"0123456789")), 100)), FIND("B", UPPER(TRIM(MID(M11, MIN(FIND({0,1,2,3,4,5,6,7,8,9}, M11&"0123456789")), 100)))) ), "" ) -> 512 GB | O11: =IFERROR( IF(RIGHT(TRIM(N11),2)="TB", VALUE(LEFT(TRIM(N11),LEN(TRIM(N11))-2))*1024 & "GB", TRIM(N11) ), "") -> 512 GB | P11: 1920 x 1080 | Q11: =IFERROR( SUBSTITUTE(SUBSTITUTE(SUBSTITUTE(SUBSTITUTE(SUBSTITUTE(SUBSTITUTE( TRIM(P11), "*","x"),"×","x"),"X","x")," x ","x"),"x ","x")," x","x"), "") -> 1920x1080 | R11: 144 Hz | S11: =IFERROR( TRIM(LEFT(TRIM(R11), FIND(UPPER("H"), UPPER(TRIM(R11)))-1)) & "Hz", "") -> 144Hz | T11: DOS | U11: =IFERROR( IF(AND(ISNUMBER(SEARCH("11",T11)),ISNUMBER(SEARCH("pro",T11))),"Windows 11 Pro", IF(AND(ISNUMBER(SEARCH("10",T11)),ISNUMBER(SEARCH("pro",T11))),"Windows 10 Pro", IF(ISNUMBER(SEARCH("11",T11)),"Windows 11 Home", IF(ISNUMBER(SEARCH("10",T11)),"Windows 10 Home", IF(OR(ISNUMBER(SEARCH("dos",T11)),ISNUMBER(SEARCH("DOS",T11))),"DOS", "Unknown"))))), "Unknown") -> DOS | V11: 2.29 kg | W11: =IFERROR( IF(ISNUMBER(SEARCH(" g",SUBSTITUTE(V11,"gk","kg"))), ROUND(VALUE(TRIM(LEFT(SUBSTITUTE(V11,"gk","kg"),FIND(" ",SUBSTITUTE(V11,"gk","kg"))-1)))/1000,2) & " kg", IF(ISNUMBER(SEARCH("lb",V11)), ROUND(VALUE(TRIM(LEFT(V11,FIND(" ",V11)-1)))*0.453592,2) & " kg", ROUND(VALUE(TRIM(SUBSTITUTE(SUBSTITUTE(SUBSTITUTE(SUBSTITUTE(SUBSTITUTE(V11,"kg",""),"Kg",""),"KG",""),"gk",""),"g",""))),2) & " kg" )), "") -> 2.29 kg | X11: 1 Year | Y11: =IFERROR( IF(ISNUMBER(SEARCH("3",X11)), "3 Years", IF(ISNUMBER(SEARCH("2",X11)), "2 Years", IF(ISNUMBER(SEARCH("1",X11)), "1 Year", "Check Manually"))), "") -> 1 Year | Z11: 47777 | AA11: 13th generation | AE11: RAM | AF11: Hard Drive | AG11: Display | AH11: Display Resolution | AI11: Display Refresh Rate
A12: Lenovo | B12: =IF(OR(UPPER(TRIM(A12))="MSI", UPPER(TRIM(A12))="HP", UPPER(TRIM(A12))="ASUS"), UPPER(TRIM(A12)), PROPER(TRIM(A12))) -> Lenovo | C12: LOQ 15IAX9E | D12: =TRIM(CLEAN(SUBSTITUTE(C12,CHAR(160)," "))) -> LOQ 15IAX9E | E12: {=IFERROR( INDEX(Family_Map!$B$2:$B$35, _xludf.AGGREGATE(14,6,(ROW(Family_Map!$A$2:$A$35)-ROW(Family_Map!$A$2)+1)/(ISNUMBER(SEARCH(Family_Map!$A$2:$A$35,D12))),1) ), "Other")} -> Other | F12: Intel® Core™ i5-12450HX | G12: =TRIM(SUBSTITUTE(SUBSTITUTE(SUBSTITUTE(SUBSTITUTE(SUBSTITUTE(F12,"®",""),"™",""),CHAR(160)," "),_xludf.UNICHAR(8203),"")," "," ")) -> #NAME? | H12: =IF(ISNUMBER(SEARCH("CORE ULTRA 9",G12)),"Intel Core Ultra 9", IF(ISNUMBER(SEARCH("CORE ULTRA 7",G12)),"Intel Core Ultra 7",IF(ISNUMBER(SEARCH("CORE I3",G12)),"Intel Core i3", IF(ISNUMBER(SEARCH("CORE ULTRA 5",G12)),"Intel Core Ultra 5", IF(ISNUMBER(SEARCH("CORE I9",G12)),"Intel Core i9", IF(ISNUMBER(SEARCH("CORE I7",G12)),"Intel Core i7", IF(ISNUMBER(SEARCH("CORE I5",G12)),"Intel Core i5", IF(ISNUMBER(SEARCH("CORE 9",G12)),"Intel Core 9", IF(ISNUMBER(SEARCH("CORE 7",G12)),"Intel Core 7", IF(ISNUMBER(SEARCH("CORE 5",G12)),"Intel Core 5", IF(ISNUMBER(SEARCH("RYZEN AI 9",G12)),"AMD Ryzen AI 9", IF(ISNUMBER(SEARCH("RYZEN AI 7",G12)),"AMD Ryzen AI 7", IF(ISNUMBER(SEARCH("RYZEN 9",G12)),"AMD Ryzen 9", IF(ISNUMBER(SEARCH("RYZEN 7",G12)),"AMD Ryzen 7", IF(ISNUMBER(SEARCH("RYZEN 5",G12)),"AMD Ryzen 5", IF(ISNUMBER(SEARCH("SNAPDRAGON",G12)), IF(ISNUMBER(SEARCH("ELITE",G12)),"Snapdragon X Elite", IF(ISNUMBER(SEARCH("PLUS",G12)),"Snapdragon X Plus","Snapdragon")), "Other")))))))))))))))) -> Other | I12: 6GB GDDR6 | J12: =IFERROR( LEFT( TRIM(MID(I12, MIN(FIND({0,1,2,3,4,5,6,7,8,9}, I12&"0123456789")), 100)), FIND("G", UPPER(TRIM(MID(I12, MIN(FIND({0,1,2,3,4,5,6,7,8,9}, I12&"0123456789")), 100)))) ) & "B", "" ) -> 6GB | K12: 1x 16GB SO-DIMM DDR5-4800 | L12: =IFERROR( VALUE(SUBSTITUTE(SUBSTITUTE(LEFT(UPPER(TRIM(K12)),FIND("GB",UPPER(K12)&"GB")+1),"GB","")," ","")), IFERROR( VALUE(SUBSTITUTE(SUBSTITUTE(MID(UPPER(K12),FIND("GB",UPPER(K12)&"GB")-3,3),"GB","")," ","")) * IF( OR( ISNUMBER(SEARCH("2X",UPPER(K12))), ISNUMBER(SEARCH("X 2",UPPER(K12))), ISNUMBER(SEARCH("*2",UPPER(K12))), ISNUMBER(SEARCH("2*",UPPER(K12))), ISNUMBER(SEARCH("(2 X",UPPER(K12))) ), 2,1), "") ) -> 16 | M12: 512GB SSD M.2 2242 PCIe® 4.0x4 NVMe® | N12: =IFERROR( LEFT( TRIM(MID(M12, MIN(FIND({0,1,2,3,4,5,6,7,8,9}, M12&"0123456789")), 100)), FIND("B", UPPER(TRIM(MID(M12, MIN(FIND({0,1,2,3,4,5,6,7,8,9}, M12&"0123456789")), 100)))) ), "" ) -> 512GB | O12: =IFERROR( IF(RIGHT(TRIM(N12),2)="TB", VALUE(LEFT(TRIM(N12),LEN(TRIM(N12))-2))*1024 & "GB", TRIM(N12) ), "") -> 512GB | P12: 1920 x 1080 | Q12: =IFERROR( SUBSTITUTE(SUBSTITUTE(SUBSTITUTE(SUBSTITUTE(SUBSTITUTE(SUBSTITUTE( TRIM(P12), "*","x"),"×","x"),"X","x")," x ","x"),"x ","x")," x","x"), "") -> 1920x1080 | R12: 144 Hz | S12: =IFERROR( TRIM(LEFT(TRIM(R12), FIND(UPPER("H"), UPPER(TRIM(R12)))-1)) & "Hz", "") -> 144Hz | T12: Windows 11 Home | U12: =IFERROR( IF(AND(ISNUMBER(SEARCH("11",T12)),ISNUMBER(SEARCH("pro",T12))),"Windows 11 Pro", IF(AND(ISNUMBER(SEARCH("10",T12)),ISNUMBER(SEARCH("pro",T12))),"Windows 10 Pro", IF(ISNUMBER(SEARCH("11",T12)),"Windows 11 Home", IF(ISNUMBER(SEARCH("10",T12)),"Windows 10 Home", IF(OR(ISNUMBER(SEARCH("dos",T12)),ISNUMBER(SEARCH("DOS",T12))),"DOS", "Unknown"))))), "Unknown") -> Windows 11 Home | V12: 1.77 kg | W12: =IFERROR( IF(ISNUMBER(SEARCH(" g",SUBSTITUTE(V12,"gk","kg"))), ROUND(VALUE(TRIM(LEFT(SUBSTITUTE(V12,"gk","kg"),FIND(" ",SUBSTITUTE(V12,"gk","kg"))-1)))/1000,2) & " kg", IF(ISNUMBER(SEARCH("lb",V12)), ROUND(VALUE(TRIM(LEFT(V12,FIND(" ",V12)-1)))*0.453592,2) & " kg", ROUND(VALUE(TRIM(SUBSTITUTE(SUBSTITUTE(SUBSTITUTE(SUBSTITUTE(SUBSTITUTE(V12,"kg",""),"Kg",""),"KG",""),"gk",""),"g",""))),2) & " kg" )), "") -> 1.77 kg | X12: 2 Years | Y12: =IFERROR( IF(ISNUMBER(SEARCH("3",X12)), "3 Years", IF(ISNUMBER(SEARCH("2",X12)), "2 Years", IF(ISNUMBER(SEARCH("1",X12)), "1 Year", "Check Manually"))), "") -> 2 Years | Z12: 31999 | AA12: 12th generation | AE12: =COUNTBLANK(K2:K1015) -> 0 | AF12: =COUNTBLANK(M2:M1015) -> 0 | AG12: =COUNTBLANK(#REF!) -> #REF! | AH12: =COUNTBLANK(P2:P1015) -> 20 | AI12: =COUNTBLANK(R2:R1015) -> 347
A13: HP | B13: =IF(OR(UPPER(TRIM(A13))="MSI", UPPER(TRIM(A13))="HP", UPPER(TRIM(A13))="ASUS"), UPPER(TRIM(A13)), PROPER(TRIM(A13))) -> HP | C13: Victus 16-r1066ne | D13: =TRIM(CLEAN(SUBSTITUTE(C13,CHAR(160)," "))) -> Victus 16-r1066ne | E13: {=IFERROR( INDEX(Family_Map!$B$2:$B$35, _xludf.AGGREGATE(14,6,(ROW(Family_Map!$A$2:$A$35)-ROW(Family_Map!$A$2)+1)/(ISNUMBER(SEARCH(Family_Map!$A$2:$A$35,D13))),1) ), "Other")} -> Other | F13: Intel® Core™ i5-14450HX | G13: =TRIM(SUBSTITUTE(SUBSTITUTE(SUBSTITUTE(SUBSTITUTE(SUBSTITUTE(F13,"®",""),"™",""),CHAR(160)," "),_xludf.UNICHAR(8203),"")," "," ")) -> #NAME? | H13: =IF(ISNUMBER(SEARCH("CORE ULTRA 9",G13)),"Intel Core Ultra 9", IF(ISNUMBER(SEARCH("CORE ULTRA 7",G13)),"Intel Core Ultra 7",IF(ISNUMBER(SEARCH("CORE I3",G13)),"Intel Core i3", IF(ISNUMBER(SEARCH("CORE ULTRA 5",G13)),"Intel Core Ultra 5", IF(ISNUMBER(SEARCH("CORE I9",G13)),"Intel Core i9", IF(ISNUMBER(SEARCH("CORE I7",G13)),"Intel Core i7", IF(ISNUMBER(SEARCH("CORE I5",G13)),"Intel Core i5", IF(ISNUMBER(SEARCH("CORE 9",G13)),"Intel Core 9", IF(ISNUMBER(SEARCH("CORE 7",G13)),"Intel Core 7", IF(ISNUMBER(SEARCH("CORE 5",G13)),"Intel Core 5", IF(ISNUMBER(SEARCH("RYZEN AI 9",G13)),"AMD Ryzen AI 9", IF(ISNUMBER(SEARCH("RYZEN AI 7",G13)),"AMD Ryzen AI 7", IF(ISNUMBER(SEARCH("RYZEN 9",G13)),"AMD Ryzen 9", IF(ISNUMBER(SEARCH("RYZEN 7",G13)),"AMD Ryzen 7", IF(ISNUMBER(SEARCH("RYZEN 5",G13)),"AMD Ryzen 5", IF(ISNUMBER(SEARCH("SNAPDRAGON",G13)), IF(ISNUMBER(SEARCH("ELITE",G13)),"Snapdragon X Elite", IF(ISNUMBER(SEARCH("PLUS",G13)),"Snapdragon X Plus","Snapdragon")), "Other")))))))))))))))) -> Other | I13: 6 GB GDDR6 | J13: =IFERROR( LEFT( TRIM(MID(I13, MIN(FIND({0,1,2,3,4,5,6,7,8,9}, I13&"0123456789")), 100)), FIND("G", UPPER(TRIM(MID(I13, MIN(FIND({0,1,2,3,4,5,6,7,8,9}, I13&"0123456789")), 100)))) ) & "B", "" ) -> 6 GB | K13: 16 GB DDR5-5600 MT/s (2 x 8 GB) Transfer rates up to 5600 MT/s. 2 x 8 GB | L13: =IFERROR( VALUE(SUBSTITUTE(SUBSTITUTE(LEFT(UPPER(TRIM(K13)),FIND("GB",UPPER(K13)&"GB")+1),"GB","")," ","")), IFERROR( VALUE(SUBSTITUTE(SUBSTITUTE(MID(UPPER(K13),FIND("GB",UPPER(K13)&"GB")-3,3),"GB","")," ","")) * IF( OR( ISNUMBER(SEARCH("2X",UPPER(K13))), ISNUMBER(SEARCH("X 2",UPPER(K13))), ISNUMBER(SEARCH("*2",UPPER(K13))), ISNUMBER(SEARCH("2*",UPPER(K13))), ISNUMBER(SEARCH("(2 X",UPPER(K13))) ), 2,1), "") ) -> 16 | M13: 1 TB PCIe® Gen4 NVMe™ M.2 SSD | N13: =IFERROR( LEFT( TRIM(MID(M13, MIN(FIND({0,1,2,3,4,5,6,7,8,9}, M13&"0123456789")), 100)), FIND("B", UPPER(TRIM(MID(M13, MIN(FIND({0,1,2,3,4,5,6,7,8,9}, M13&"0123456789")), 100)))) ), "" ) -> 1 TB | O13: =IFERROR( IF(RIGHT(TRIM(N13),2)="TB", VALUE(LEFT(TRIM(N13),LEN(TRIM(N13))-2))*1024 & "GB", TRIM(N13) ), "") -> 1024GB | P13: 1920 x 1080 | Q13: =IFERROR( SUBSTITUTE(SUBSTITUTE(SUBSTITUTE(SUBSTITUTE(SUBSTITUTE(SUBSTITUTE( TRIM(P13), "*","x"),"×","x"),"X","x")," x ","x"),"x ","x")," x","x"), "") -> 1920x1080 | R13: 144 Hz | S13: =IFERROR( TRIM(LEFT(TRIM(R13), FIND(UPPER("H"), UPPER(TRIM(R13)))-1)) & "Hz", "") -> 144Hz | T13: DOS | U13: =IFERROR( IF(AND(ISNUMBER(SEARCH("11",T13)),ISNUMBER(SEARCH("pro",T13))),"Windows 11 Pro", IF(AND(ISNUMBER(SEARCH("10",T13)),ISNUMBER(SEARCH("pro",T13))),"Windows 10 Pro", IF(ISNUMBER(SEARCH("11",T13)),"Windows 11 Home", IF(ISNUMBER(SEARCH("10",T13)),"Windows 10 Home", IF(OR(ISNUMBER(SEARCH("dos",T13)),ISNUMBER(SEARCH("DOS",T13))),"DOS", "Unknown"))))), "Unknown") -> DOS | V13: 2.31 kg | W13: =IFERROR( IF(ISNUMBER(SEARCH(" g",SUBSTITUTE(V13,"gk","kg"))), ROUND(VALUE(TRIM(LEFT(SUBSTITUTE(V13,"gk","kg"),FIND(" ",SUBSTITUTE(V13,"gk","kg"))-1)))/1000,2) & " kg", IF(ISNUMBER(SEARCH("lb",V13)), ROUND(VALUE(TRIM(LEFT(V13,FIND(" ",V13)-1)))*0.453592,2) & " kg", ROUND(VALUE(TRIM(SUBSTITUTE(SUBSTITUTE(SUBSTITUTE(SUBSTITUTE(SUBSTITUTE(V13,"kg",""),"Kg",""),"KG",""),"gk",""),"g",""))),2) & " kg" )), "") -> 2.31 kg | X13: 1 Year | Y13: =IFERROR( IF(ISNUMBER(SEARCH("3",X13)), "3 Years", IF(ISNUMBER(SEARCH("2",X13)), "2 Years", IF(ISNUMBER(SEARCH("1",X13)), "1 Year", "Check Manually"))), "") -> 1 Year | Z13: 39666 | AA13: 14th generation
A14: HP | B14: =IF(OR(UPPER(TRIM(A14))="MSI", UPPER(TRIM(A14))="HP", UPPER(TRIM(A14))="ASUS"), UPPER(TRIM(A14)), PROPER(TRIM(A14))) -> HP | C14: Victus 16-r1062ne | D14: =TRIM(CLEAN(SUBSTITUTE(C14,CHAR(160)," "))) -> Victus 16-r1062ne | E14: {=IFERROR( INDEX(Family_Map!$B$2:$B$35, _xludf.AGGREGATE(14,6,(ROW(Family_Map!$A$2:$A$35)-ROW(Family_Map!$A$2)+1)/(ISNUMBER(SEARCH(Family_Map!$A$2:$A$35,D14))),1) ), "Other")} -> Other | F14: Intel® Core™ i5-14450HX | G14: =TRIM(SUBSTITUTE(SUBSTITUTE(SUBSTITUTE(SUBSTITUTE(SUBSTITUTE(F14,"®",""),"™",""),CHAR(160)," "),_xludf.UNICHAR(8203),"")," "," ")) -> #NAME? | H14: =IF(ISNUMBER(SEARCH("CORE ULTRA 9",G14)),"Intel Core Ultra 9", IF(ISNUMBER(SEARCH("CORE ULTRA 7",G14)),"Intel Core Ultra 7",IF(ISNUMBER(SEARCH("CORE I3",G14)),"Intel Core i3", IF(ISNUMBER(SEARCH("CORE ULTRA 5",G14)),"Intel Core Ultra 5", IF(ISNUMBER(SEARCH("CORE I9",G14)),"Intel Core i9", IF(ISNUMBER(SEARCH("CORE I7",G14)),"Intel Core i7", IF(ISNUMBER(SEARCH("CORE I5",G14)),"Intel Core i5", IF(ISNUMBER(SEARCH("CORE 9",G14)),"Intel Core 9", IF(ISNUMBER(SEARCH("CORE 7",G14)),"Intel Core 7", IF(ISNUMBER(SEARCH("CORE 5",G14)),"Intel Core 5", IF(ISNUMBER(SEARCH("RYZEN AI 9",G14)),"AMD Ryzen AI 9", IF(ISNUMBER(SEARCH("RYZEN AI 7",G14)),"AMD Ryzen AI 7", IF(ISNUMBER(SEARCH("RYZEN 9",G14)),"AMD Ryzen 9", IF(ISNUMBER(SEARCH("RYZEN 7",G14)),"AMD Ryzen 7", IF(ISNUMBER(SEARCH("RYZEN 5",G14)),"AMD Ryzen 5", IF(ISNUMBER(SEARCH("SNAPDRAGON",G14)), IF(ISNUMBER(SEARCH("ELITE",G14)),"Snapdragon X Elite", IF(ISNUMBER(SEARCH("PLUS",G14)),"Snapdragon X Plus","Snapdragon")), "Other")))))))))))))))) -> Other | I14: 6 GB GDDR6 | J14: =IFERROR( LEFT( TRIM(MID(I14, MIN(FIND({0,1,2,3,4,5,6,7,8,9}, I14&"0123456789")), 100)), FIND("G", UPPER(TRIM(MID(I14, MIN(FIND({0,1,2,3,4,5,6,7,8,9}, I14&"0123456789")), 100)))) ) & "B", "" ) -> 6 GB | K14: 16 GB DDR5-5600 MT/s (2 x 8 GB) Transfer rates up to 5600 MT/s. 2 x 8 GB | L14: =IFERROR( VALUE(SUBSTITUTE(SUBSTITUTE(LEFT(UPPER(TRIM(K14)),FIND("GB",UPPER(K14)&"GB")+1),"GB","")," ","")), IFERROR( VALUE(SUBSTITUTE(SUBSTITUTE(MID(UPPER(K14),FIND("GB",UPPER(K14)&"GB")-3,3),"GB","")," ","")) * IF( OR( ISNUMBER(SEARCH("2X",UPPER(K14))), ISNUMBER(SEARCH("X 2",UPPER(K14))), ISNUMBER(SEARCH("*2",UPPER(K14))), ISNUMBER(SEARCH("2*",UPPER(K14))), ISNUMBER(SEARCH("(2 X",UPPER(K14))) ), 2,1), "") ) -> 16 | M14: 1 TB PCIe® Gen4 NVMe™ M.2 SSD | N14: =IFERROR( LEFT( TRIM(MID(M14, MIN(FIND({0,1,2,3,4,5,6,7,8,9}, M14&"0123456789")), 100)), FIND("B", UPPER(TRIM(MID(M14, MIN(FIND({0,1,2,3,4,5,6,7,8,9}, M14&"0123456789")), 100)))) ), "" ) -> 1 TB | O14: =IFERROR( IF(RIGHT(TRIM(N14),2)="TB", VALUE(LEFT(TRIM(N14),LEN(TRIM(N14))-2))*1024 & "GB", TRIM(N14) ), "") -> 1024GB | P14: 1920 x 1080 | Q14: =IFERROR( SUBSTITUTE(SUBSTITUTE(SUBSTITUTE(SUBSTITUTE(SUBSTITUTE(SUBSTITUTE( TRIM(P14), "*","x"),"×","x"),"X","x")," x ","x"),"x ","x")," x","x"), "") -> 1920x1080 | R14: 144 Hz | S14: =IFERROR( TRIM(LEFT(TRIM(R14), FIND(UPPER("H"), UPPER(TRIM(R14)))-1)) & "Hz", "") -> 144Hz | T14: DOS | U14: =IFERROR( IF(AND(ISNUMBER(SEARCH("11",T14)),ISNUMBER(SEARCH("pro",T14))),"Windows 11 Pro", IF(AND(ISNUMBER(SEARCH("10",T14)),ISNUMBER(SEARCH("pro",T14))),"Windows 10 Pro", IF(ISNUMBER(SEARCH("11",T14)),"Windows 11 Home", IF(ISNUMBER(SEARCH("10",T14)),"Windows 10 Home", IF(OR(ISNUMBER(SEARCH("dos",T14)),ISNUMBER(SEARCH("DOS",T14))),"DOS", "Unknown"))))), "Unknown") -> DOS | V14: 2.31 kg | W14: =IFERROR( IF(ISNUMBER(SEARCH(" g",SUBSTITUTE(V14,"gk","kg"))), ROUND(VALUE(TRIM(LEFT(SUBSTITUTE(V14,"gk","kg"),FIND(" ",SUBSTITUTE(V14,"gk","kg"))-1)))/1000,2) & " kg", IF(ISNUMBER(SEARCH("lb",V14)), ROUND(VALUE(TRIM(LEFT(V14,FIND(" ",V14)-1)))*0.453592,2) & " kg", ROUND(VALUE(TRIM(SUBSTITUTE(SUBSTITUTE(SUBSTITUTE(SUBSTITUTE(SUBSTITUTE(V14,"kg",""),"Kg",""),"KG",""),"gk",""),"g",""))),2) & " kg" )), "") -> 2.31 kg | X14: 1 Year | Y14: =IFERROR( IF(ISNUMBER(SEARCH("3",X14)), "3 Years", IF(ISNUMBER(SEARCH("2",X14)), "2 Years", IF(ISNUMBER(SEARCH("1",X14)), "1 Year", "Check Manually"))), "") -> 1 Year | Z14: 39666 | AA14: 14th generation | AE14: Operating System | AF14: Keyboard | AG14: Battery | AH14: Webcam | AI14: Connections
A15: HP | B15: =IF(OR(UPPER(TRIM(A15))="MSI", UPPER(TRIM(A15))="HP", UPPER(TRIM(A15))="ASUS"), UPPER(TRIM(A15)), PROPER(TRIM(A15))) -> HP | C15: Victus 15-fa1103ne | D15: =TRIM(CLEAN(SUBSTITUTE(C15,CHAR(160)," "))) -> Victus 15-fa1103ne | E15: {=IFERROR( INDEX(Family_Map!$B$2:$B$35, _xludf.AGGREGATE(14,6,(ROW(Family_Map!$A$2:$A$35)-ROW(Family_Map!$A$2)+1)/(ISNUMBER(SEARCH(Family_Map!$A$2:$A$35,D15))),1) ), "Other")} -> Other | F15: Intel® Core™ i5-13420H | G15: =TRIM(SUBSTITUTE(SUBSTITUTE(SUBSTITUTE(SUBSTITUTE(SUBSTITUTE(F15,"®",""),"™",""),CHAR(160)," "),_xludf.UNICHAR(8203),"")," "," ")) -> #NAME? | H15: =IF(ISNUMBER(SEARCH("CORE ULTRA 9",G15)),"Intel Core Ultra 9", IF(ISNUMBER(SEARCH("CORE ULTRA 7",G15)),"Intel Core Ultra 7",IF(ISNUMBER(SEARCH("CORE I3",G15)),"Intel Core i3", IF(ISNUMBER(SEARCH("CORE ULTRA 5",G15)),"Intel Core Ultra 5", IF(ISNUMBER(SEARCH("CORE I9",G15)),"Intel Core i9", IF(ISNUMBER(SEARCH("CORE I7",G15)),"Intel Core i7", IF(ISNUMBER(SEARCH("CORE I5",G15)),"Intel Core i5", IF(ISNUMBER(SEARCH("CORE 9",G15)),"Intel Core 9", IF(ISNUMBER(SEARCH("CORE 7",G15)),"Intel Core 7", IF(ISNUMBER(SEARCH("CORE 5",G15)),"Intel Core 5", IF(ISNUMBER(SEARCH("RYZEN AI 9",G15)),"AMD Ryzen AI 9", IF(ISNUMBER(SEARCH("RYZEN AI 7",G15)),"AMD Ryzen AI 7", IF(ISNUMBER(SEARCH("RYZEN 9",G15)),"AMD Ryzen 9", IF(ISNUMBER(SEARCH("RYZEN 7",G15)),"AMD Ryzen 7", IF(ISNUMBER(SEARCH("RYZEN 5",G15)),"AMD Ryzen 5", IF(ISNUMBER(SEARCH("SNAPDRAGON",G15)), IF(ISNUMBER(SEARCH("ELITE",G15)),"Snapdragon X Elite", IF(ISNUMBER(SEARCH("PLUS",G15)),"Snapdragon X Plus","Snapdragon")), "Other")))))))))))))))) -> Other | I15: 6 GB GDDR6 | J15: =IFERROR( LEFT( TRIM(MID(I15, MIN(FIND({0,1,2,3,4,5,6,7,8,9}, I15&"0123456789")), 100)), FIND("G", UPPER(TRIM(MID(I15, MIN(FIND({0,1,2,3,4,5,6,7,8,9}, I15&"0123456789")), 100)))) ) & "B", "" ) -> 6 GB | K15: 8 GB DDR4-3200 MT/s (1 x 8 GB) Transfer rates up to 3200 MT/s. 1 x 8 GB | L15: =IFERROR( VALUE(SUBSTITUTE(SUBSTITUTE(LEFT(UPPER(TRIM(K15)),FIND("GB",UPPER(K15)&"GB")+1),"GB","")," ","")), IFERROR( VALUE(SUBSTITUTE(SUBSTITUTE(MID(UPPER(K15),FIND("GB",UPPER(K15)&"GB")-3,3),"GB","")," ","")) * IF( OR( ISNUMBER(SEARCH("2X",UPPER(K15))), ISNUMBER(SEARCH("X 2",UPPER(K15))), ISNUMBER(SEARCH("*2",UPPER(K15))), ISNUMBER(SEARCH("2*",UPPER(K15))), ISNUMBER(SEARCH("(2 X",UPPER(K15))) ), 2,1), "") ) -> 8 | M15: 512 GB PCIe® Gen4 NVMe™ M.2 SSD | N15: =IFERROR( LEFT( TRIM(MID(M15, MIN(FIND({0,1,2,3,4,5,6,7,8,9}, M15&"0123456789")), 100)), FIND("B", UPPER(TRIM(MID(M15, MIN(FIND({0,1,2,3,4,5,6,7,8,9}, M15&"0123456789")), 100)))) ), "" ) -> 512 GB | O15: =IFERROR( IF(RIGHT(TRIM(N15),2)="TB", VALUE(LEFT(TRIM(N15),LEN(TRIM(N15))-2))*1024 & "GB", TRIM(N15) ), "") -> 512 GB | P15: 1920 x 1080 | Q15: =IFERROR( SUBSTITUTE(SUBSTITUTE(SUBSTITUTE(SUBSTITUTE(SUBSTITUTE(SUBSTITUTE( TRIM(P15), "*","x"),"×","x"),"X","x")," x ","x"),"x ","x")," x","x"), "") -> 1920x1080 | R15: 144 Hz | S15: =IFERROR( TRIM(LEFT(TRIM(R15), FIND(UPPER("H"), UPPER(TRIM(R15)))-1)) & "Hz", "") -> 144Hz | T15: DOS | U15: =IFERROR( IF(AND(ISNUMBER(SEARCH("11",T15)),ISNUMBER(SEARCH("pro",T15))),"Windows 11 Pro", IF(AND(ISNUMBER(SEARCH("10",T15)),ISNUMBER(SEARCH("pro",T15))),"Windows 10 Pro", IF(ISNUMBER(SEARCH("11",T15)),"Windows 11 Home", IF(ISNUMBER(SEARCH("10",T15)),"Windows 10 Home", IF(OR(ISNUMBER(SEARCH("dos",T15)),ISNUMBER(SEARCH("DOS",T15))),"DOS", "Unknown"))))), "Unknown") -> DOS | V15: 2.29 kg | W15: =IFERROR( IF(ISNUMBER(SEARCH(" g",SUBSTITUTE(V15,"gk","kg"))), ROUND(VALUE(TRIM(LEFT(SUBSTITUTE(V15,"gk","kg"),FIND(" ",SUBSTITUTE(V15,"gk","kg"))-1)))/1000,2) & " kg", IF(ISNUMBER(SEARCH("lb",V15)), ROUND(VALUE(TRIM(LEFT(V15,FIND(" ",V15)-1)))*0.453592,2) & " kg", ROUND(VALUE(TRIM(SUBSTITUTE(SUBSTITUTE(SUBSTITUTE(SUBSTITUTE(SUBSTITUTE(V15,"kg",""),"Kg",""),"KG",""),"gk",""),"g",""))),2) & " kg" )), "") -> 2.29 kg | X15: 1 Year | Y15: =IFERROR( IF(ISNUMBER(SEARCH("3",X15)), "3 Years", IF(ISNUMBER(SEARCH("2",X15)), "2 Years", IF(ISNUMBER(SEARCH("1",X15)), "1 Year", "Check Manually"))), "") -> 1 Year | Z15: 33999 | AA15: 13th generation | AE15: =COUNTBLANK(T2:T1015) -> 7 | AF15: =COUNTBLANK(#REF!) -> #REF! | AG15: =COUNTBLANK(#REF!) -> #REF! | AH15: =COUNTBLANK(#REF!) -> #REF! | AI15: =COUNTBLANK(#REF!) -> #REF!
A16: HP | B16: =IF(OR(UPPER(TRIM(A16))="MSI", UPPER(TRIM(A16))="HP", UPPER(TRIM(A16))="ASUS"), UPPER(TRIM(A16)), PROPER(TRIM(A16))) -> HP | C16: VICTUS 15-FA1112NIA | D16: =TRIM(CLEAN(SUBSTITUTE(C16,CHAR(160)," "))) -> VICTUS 15-FA1112NIA | E16: {=IFERROR( INDEX(Family_Map!$B$2:$B$35, _xludf.AGGREGATE(14,6,(ROW(Family_Map!$A$2:$A$35)-ROW(Family_Map!$A$2)+1)/(ISNUMBER(SEARCH(Family_Map!$A$2:$A$35,D16))),1) ), "Other")} -> Other | F16: Intel® Core™ i5-13420H | G16: =TRIM(SUBSTITUTE(SUBSTITUTE(SUBSTITUTE(SUBSTITUTE(SUBSTITUTE(F16,"®",""),"™",""),CHAR(160)," "),_xludf.UNICHAR(8203),"")," "," ")) -> #NAME? | H16: =IF(ISNUMBER(SEARCH("CORE ULTRA 9",G16)),"Intel Core Ultra 9", IF(ISNUMBER(SEARCH("CORE ULTRA 7",G16)),"Intel Core Ultra 7",IF(ISNUMBER(SEARCH("CORE I3",G16)),"Intel Core i3", IF(ISNUMBER(SEARCH("CORE ULTRA 5",G16)),"Intel Core Ultra 5", IF(ISNUMBER(SEARCH("CORE I9",G16)),"Intel Core i9", IF(ISNUMBER(SEARCH("CORE I7",G16)),"Intel Core i7", IF(ISNUMBER(SEARCH("CORE I5",G16)),"Intel Core i5", IF(ISNUMBER(SEARCH("CORE 9",G16)),"Intel Core 9", IF(ISNUMBER(SEARCH("CORE 7",G16)),"Intel Core 7", IF(ISNUMBER(SEARCH("CORE 5",G16)),"Intel Core 5", IF(ISNUMBER(SEARCH("RYZEN AI 9",G16)),"AMD Ryzen AI 9", IF(ISNUMBER(SEARCH("RYZEN AI 7",G16)),"AMD Ryzen AI 7", IF(ISNUMBER(SEARCH("RYZEN 9",G16)),"AMD Ryzen 9", IF(ISNUMBER(SEARCH("RYZEN 7",G16)),"AMD Ryzen 7", IF(ISNUMBER(SEARCH("RYZEN 5",G16)),"AMD Ryzen 5", IF(ISNUMBER(SEARCH("SNAPDRAGON",G16)), IF(ISNUMBER(SEARCH("ELITE",G16)),"Snapdragon X Elite", IF(ISNUMBER(SEARCH("PLUS",G16)),"Snapdragon X Plus","Snapdragon")), "Other")))))))))))))))) -> Other | I16: 6 GB GDDR6 | J16: =IFERROR( LEFT( TRIM(MID(I16, MIN(FIND({0,1,2,3,4,5,6,7,8,9}, I16&"0123456789")), 100)), FIND("G", UPPER(TRIM(MID(I16, MIN(FIND({0,1,2,3,4,5,6,7,8,9}, I16&"0123456789")), 100)))) ) & "B", "" ) -> 6 GB | K16: 8 GB DDR4-3200 MT/s (1 x 8 GB) Transfer rates up to 3200 MT/s. 1 x 8 GB | L16: =IFERROR( VALUE(SUBSTITUTE(SUBSTITUTE(LEFT(UPPER(TRIM(K16)),FIND("GB",UPPER(K16)&"GB")+1),"GB","")," ","")), IFERROR( VALUE(SUBSTITUTE(SUBSTITUTE(MID(UPPER(K16),FIND("GB",UPPER(K16)&"GB")-3,3),"GB","")," ","")) * IF( OR( ISNUMBER(SEARCH("2X",UPPER(K16))), ISNUMBER(SEARCH("X 2",UPPER(K16))), ISNUMBER(SEARCH("*2",UPPER(K16))), ISNUMBER(SEARCH("2*",UPPER(K16))), ISNUMBER(SEARCH("(2 X",UPPER(K16))) ), 2,1), "") ) -> 8 | M16: 512 GB PCIe® Gen4 NVMe™ M.2 SSD | N16: =IFERROR( LEFT( TRIM(MID(M16, MIN(FIND({0,1,2,3,4,5,6,7,8,9}, M16&"0123456789")), 100)), FIND("B", UPPER(TRIM(MID(M16, MIN(FIND({0,1,2,3,4,5,6,7,8,9}, M16&"0123456789")), 100)))) ), "" ) -> 512 GB | O16: =IFERROR( IF(RIGHT(TRIM(N16),2)="TB", VALUE(LEFT(TRIM(N16),LEN(TRIM(N16))-2))*1024 & "GB", TRIM(N16) ), "") -> 512 GB | P16: 1920 x 1080 | Q16: =IFERROR( SUBSTITUTE(SUBSTITUTE(SUBSTITUTE(SUBSTITUTE(SUBSTITUTE(SUBSTITUTE( TRIM(P16), "*","x"),"×","x"),"X","x")," x ","x"),"x ","x")," x","x"), "") -> 1920x1080 | R16: 144 Hz | S16: =IFERROR( TRIM(LEFT(TRIM(R16), FIND(UPPER("H"), UPPER(TRIM(R16)))-1)) & "Hz", "") -> 144Hz | T16: DOS | U16: =IFERROR( IF(AND(ISNUMBER(SEARCH("11",T16)),ISNUMBER(SEARCH("pro",T16))),"Windows 11 Pro", IF(AND(ISNUMBER(SEARCH("10",T16)),ISNUMBER(SEARCH("pro",T16))),"Windows 10 Pro", IF(ISNUMBER(SEARCH("11",T16)),"Windows 11 Home", IF(ISNUMBER(SEARCH("10",T16)),"Windows 10 Home", IF(OR(ISNUMBER(SEARCH("dos",T16)),ISNUMBER(SEARCH("DOS",T16))),"DOS", "Unknown"))))), "Unknown") -> DOS | V16: 2.29 kg | W16: =IFERROR( IF(ISNUMBER(SEARCH(" g",SUBSTITUTE(V16,"gk","kg"))), ROUND(VALUE(TRIM(LEFT(SUBSTITUTE(V16,"gk","kg"),FIND(" ",SUBSTITUTE(V16,"gk","kg"))-1)))/1000,2) & " kg", IF(ISNUMBER(SEARCH("lb",V16)), ROUND(VALUE(TRIM(LEFT(V16,FIND(" ",V16)-1)))*0.453592,2) & " kg", ROUND(VALUE(TRIM(SUBSTITUTE(SUBSTITUTE(SUBSTITUTE(SUBSTITUTE(SUBSTITUTE(V16,"kg",""),"Kg",""),"KG",""),"gk",""),"g",""))),2) & " kg" )), "") -> 2.29 kg | X16: 1 Year | Y16: =IFERROR( IF(ISNUMBER(SEARCH("3",X16)), "3 Years", IF(ISNUMBER(SEARCH("2",X16)), "2 Years", IF(ISNUMBER(SEARCH("1",X16)), "1 Year", "Check Manually"))), "") -> 1 Year | Z16: 33999 | AA16: 13th generation
A17: HP | B17: =IF(OR(UPPER(TRIM(A17))="MSI", UPPER(TRIM(A17))="HP", UPPER(TRIM(A17))="ASUS"), UPPER(TRIM(A17)), PROPER(TRIM(A17))) -> HP | C17: OMEN Slim 16-an0119nrav | D17: =TRIM(CLEAN(SUBSTITUTE(C17,CHAR(160)," "))) -> OMEN Slim 16-an0119nrav | E17: {=IFERROR( INDEX(Family_Map!$B$2:$B$35, _xludf.AGGREGATE(14,6,(ROW(Family_Map!$A$2:$A$35)-ROW(Family_Map!$A$2)+1)/(ISNUMBER(SEARCH(Family_Map!$A$2:$A$35,D17))),1) ), "Other")} -> Other | F17: Intel® Core™ Ultra 9 285H | G17: =TRIM(SUBSTITUTE(SUBSTITUTE(SUBSTITUTE(SUBSTITUTE(SUBSTITUTE(F17,"®",""),"™",""),CHAR(160)," "),_xludf.UNICHAR(8203),"")," "," ")) -> #NAME? | H17: =IF(ISNUMBER(SEARCH("CORE ULTRA 9",G17)),"Intel Core Ultra 9", IF(ISNUMBER(SEARCH("CORE ULTRA 7",G17)),"Intel Core Ultra 7",IF(ISNUMBER(SEARCH("CORE I3",G17)),"Intel Core i3", IF(ISNUMBER(SEARCH("CORE ULTRA 5",G17)),"Intel Core Ultra 5", IF(ISNUMBER(SEARCH("CORE I9",G17)),"Intel Core i9", IF(ISNUMBER(SEARCH("CORE I7",G17)),"Intel Core i7", IF(ISNUMBER(SEARCH("CORE I5",G17)),"Intel Core i5", IF(ISNUMBER(SEARCH("CORE 9",G17)),"Intel Core 9", IF(ISNUMBER(SEARCH("CORE 7",G17)),"Intel Core 7", IF(ISNUMBER(SEARCH("CORE 5",G17)),"Intel Core 5", IF(ISNUMBER(SEARCH("RYZEN AI 9",G17)),"AMD Ryzen AI 9", IF(ISNUMBER(SEARCH("RYZEN AI 7",G17)),"AMD Ryzen AI 7", IF(ISNUMBER(SEARCH("RYZEN 9",G17)),"AMD Ryzen 9", IF(ISNUMBER(SEARCH("RYZEN 7",G17)),"AMD Ryzen 7", IF(ISNUMBER(SEARCH("RYZEN 5",G17)),"AMD Ryzen 5", IF(ISNUMBER(SEARCH("SNAPDRAGON",G17)), IF(ISNUMBER(SEARCH("ELITE",G17)),"Snapdragon X Elite", IF(ISNUMBER(SEARCH("PLUS",G17)),"Snapdragon X Plus","Snapdragon")), "Other")))))))))))))))) -> Other | I17: 8 GB GDDR7 | J17: =IFERROR( LEFT( TRIM(MID(I17, MIN(FIND({0,1,2,3,4,5,6,7,8,9}, I17&"0123456789")), 100)), FIND("G", UPPER(TRIM(MID(I17, MIN(FIND({0,1,2,3,4,5,6,7,8,9}, I17&"0123456789")), 100)))) ) & "B", "" ) -> 8 GB | K17: 16 GB DDR5-5600 MT/s (2 x 8 GB) Transfer rates up to 5600 MT/s. 2 x 8 GB | L17: =IFERROR( VALUE(SUBSTITUTE(SUBSTITUTE(LEFT(UPPER(TRIM(K17)),FIND("GB",UPPER(K17)&"GB")+1),"GB","")," ","")), IFERROR( VALUE(SUBSTITUTE(SUBSTITUTE(MID(UPPER(K17),FIND("GB",UPPER(K17)&"GB")-3,3),"GB","")," ","")) * IF( OR( ISNUMBER(SEARCH("2X",UPPER(K17))), ISNUMBER(SEARCH("X 2",UPPER(K17))), ISNUMBER(SEARCH("*2",UPPER(K17))), ISNUMBER(SEARCH("2*",UPPER(K17))), ISNUMBER(SEARCH("(2 X",UPPER(K17))) ), 2,1), "") ) -> 16 | M17: 1 TB PCIe® Gen4 NVMe™ M.2 SSD | N17: =IFERROR( LEFT( TRIM(MID(M17, MIN(FIND({0,1,2,3,4,5,6,7,8,9}, M17&"0123456789")), 100)), FIND("B", UPPER(TRIM(MID(M17, MIN(FIND({0,1,2,3,4,5,6,7,8,9}, M17&"0123456789")), 100)))) ), "" ) -> 1 TB | O17: =IFERROR( IF(RIGHT(TRIM(N17),2)="TB", VALUE(LEFT(TRIM(N17),LEN(TRIM(N17))-2))*1024 & "GB", TRIM(N17) ), "") -> 1024GB | P17: 2560 x 1600 | Q17: =IFERROR( SUBSTITUTE(SUBSTITUTE(SUBSTITUTE(SUBSTITUTE(SUBSTITUTE(SUBSTITUTE( TRIM(P17), "*","x"),"×","x"),"X","x")," x ","x"),"x ","x")," x","x"), "") -> 2560x1600 | R17: 240Hz | S17: =IFERROR( TRIM(LEFT(TRIM(R17), FIND(UPPER("H"), UPPER(TRIM(R17)))-1)) & "Hz", "") -> 240Hz | T17: Windows11 Home | U17: =IFERROR( IF(AND(ISNUMBER(SEARCH("11",T17)),ISNUMBER(SEARCH("pro",T17))),"Windows 11 Pro", IF(AND(ISNUMBER(SEARCH("10",T17)),ISNUMBER(SEARCH("pro",T17))),"Windows 10 Pro", IF(ISNUMBER(SEARCH("11",T17)),"Windows 11 Home", IF(ISNUMBER(SEARCH("10",T17)),"Windows 10 Home", IF(OR(ISNUMBER(SEARCH("dos",T17)),ISNUMBER(SEARCH("DOS",T17))),"DOS", "Unknown"))))), "Unknown") -> Windows 11 Home | V17: 2.42 kg | W17: =IFERROR( IF(ISNUMBER(SEARCH(" g",SUBSTITUTE(V17,"gk","kg"))), ROUND(VALUE(TRIM(LEFT(SUBSTITUTE(V17,"gk","kg"),FIND(" ",SUBSTITUTE(V17,"gk","kg"))-1)))/1000,2) & " kg", IF(ISNUMBER(SEARCH("lb",V17)), ROUND(VALUE(TRIM(LEFT(V17,FIND(" ",V17)-1)))*0.453592,2) & " kg", ROUND(VALUE(TRIM(SUBSTITUTE(SUBSTITUTE(SUBSTITUTE(SUBSTITUTE(SUBSTITUTE(V17,"kg",""),"Kg",""),"KG",""),"gk",""),"g",""))),2) & " kg" )), "") -> 2.42 kg | X17: 1 Year | Y17: =IFERROR( IF(ISNUMBER(SEARCH("3",X17)), "3 Years", IF(ISNUMBER(SEARCH("2",X17)), "2 Years", IF(ISNUMBER(SEARCH("1",X17)), "1 Year", "Check Manually"))), "") -> 1 Year | Z17: 106999 | AA17: Unknown | AE17: Dimensions | AF17: Weight | AG17: Colors | AH17: Warranty | AI17: Price
A18: HP | B18: =IF(OR(UPPER(TRIM(A18))="MSI", UPPER(TRIM(A18))="HP", UPPER(TRIM(A18))="ASUS"), UPPER(TRIM(A18)), PROPER(TRIM(A18))) -> HP | C18: OMEN 16-AP0097NR | D18: =TRIM(CLEAN(SUBSTITUTE(C18,CHAR(160)," "))) -> OMEN 16-AP0097NR | E18: {=IFERROR( INDEX(Family_Map!$B$2:$B$35, _xludf.AGGREGATE(14,6,(ROW(Family_Map!$A$2:$A$35)-ROW(Family_Map!$A$2)+1)/(ISNUMBER(SEARCH(Family_Map!$A$2:$A$35,D18))),1) ), "Other")} -> Other | F18: AMD Ryzen™ AI 9 365 | G18: =TRIM(SUBSTITUTE(SUBSTITUTE(SUBSTITUTE(SUBSTITUTE(SUBSTITUTE(F18,"®",""),"™",""),CHAR(160)," "),_xludf.UNICHAR(8203),"")," "," ")) -> #NAME? | H18: =IF(ISNUMBER(SEARCH("CORE ULTRA 9",G18)),"Intel Core Ultra 9", IF(ISNUMBER(SEARCH("CORE ULTRA 7",G18)),"Intel Core Ultra 7",IF(ISNUMBER(SEARCH("CORE I3",G18)),"Intel Core i3", IF(ISNUMBER(SEARCH("CORE ULTRA 5",G18)),"Intel Core Ultra 5", IF(ISNUMBER(SEARCH("CORE I9",G18)),"Intel Core i9", IF(ISNUMBER(SEARCH("CORE I7",G18)),"Intel Core i7", IF(ISNUMBER(SEARCH("CORE I5",G18)),"Intel Core i5", IF(ISNUMBER(SEARCH("CORE 9",G18)),"Intel Core 9", IF(ISNUMBER(SEARCH("CORE 7",G18)),"Intel Core 7", IF(ISNUMBER(SEARCH("CORE 5",G18)),"Intel Core 5", IF(ISNUMBER(SEARCH("RYZEN AI 9",G18)),"AMD Ryzen AI 9", IF(ISNUMBER(SEARCH("RYZEN AI 7",G18)),"AMD Ryzen AI 7", IF(ISNUMBER(SEARCH("RYZEN 9",G18)),"AMD Ryzen 9", IF(ISNUMBER(SEARCH("RYZEN 7",G18)),"AMD Ryzen 7", IF(ISNUMBER(SEARCH("RYZEN 5",G18)),"AMD Ryzen 5", IF(ISNUMBER(SEARCH("SNAPDRAGON",G18)), IF(ISNUMBER(SEARCH("ELITE",G18)),"Snapdragon X Elite", IF(ISNUMBER(SEARCH("PLUS",G18)),"Snapdragon X Plus","Snapdragon")), "Other")))))))))))))))) -> Other | I18: 8 GB GDDR7 | J18: =IFERROR( LEFT( TRIM(MID(I18, MIN(FIND({0,1,2,3,4,5,6,7,8,9}, I18&"0123456789")), 100)), FIND("G", UPPER(TRIM(MID(I18, MIN(FIND({0,1,2,3,4,5,6,7,8,9}, I18&"0123456789")), 100)))) ) & "B", "" ) -> 8 GB | K18: 32 GB DDR5-5600 MT/s (2 x 16 GB) | L18: =IFERROR( VALUE(SUBSTITUTE(SUBSTITUTE(LEFT(UPPER(TRIM(K18)),FIND("GB",UPPER(K18)&"GB")+1),"GB","")," ","")), IFERROR( VALUE(SUBSTITUTE(SUBSTITUTE(MID(UPPER(K18),FIND("GB",UPPER(K18)&"GB")-3,3),"GB","")," ","")) * IF( OR( ISNUMBER(SEARCH("2X",UPPER(K18))), ISNUMBER(SEARCH("X 2",UPPER(K18))), ISNUMBER(SEARCH("*2",UPPER(K18))), ISNUMBER(SEARCH("2*",UPPER(K18))), ISNUMBER(SEARCH("(2 X",UPPER(K18))) ), 2,1), "") ) -> 32 | M18: 1 TB PCIe® Gen4 NVMe™ M.2 SSD | N18: =IFERROR( LEFT( TRIM(MID(M18, MIN(FIND({0,1,2,3,4,5,6,7,8,9}, M18&"0123456789")), 100)), FIND("B", UPPER(TRIM(MID(M18, MIN(FIND({0,1,2,3,4,5,6,7,8,9}, M18&"0123456789")), 100)))) ), "" ) -> 1 TB | O18: =IFERROR( IF(RIGHT(TRIM(N18),2)="TB", VALUE(LEFT(TRIM(N18),LEN(TRIM(N18))-2))*1024 & "GB", TRIM(N18) ), "") -> 1024GB | P18: 2560 x 1600 | Q18: =IFERROR( SUBSTITUTE(SUBSTITUTE(SUBSTITUTE(SUBSTITUTE(SUBSTITUTE(SUBSTITUTE( TRIM(P18), "*","x"),"×","x"),"X","x")," x ","x"),"x ","x")," x","x"), "") -> 2560x1600 | R18: 240Hz | S18: =IFERROR( TRIM(LEFT(TRIM(R18), FIND(UPPER("H"), UPPER(TRIM(R18)))-1)) & "Hz", "") -> 240Hz | T18: Windows11 Home | U18: =IFERROR( IF(AND(ISNUMBER(SEARCH("11",T18)),ISNUMBER(SEARCH("pro",T18))),"Windows 11 Pro", IF(AND(ISNUMBER(SEARCH("10",T18)),ISNUMBER(SEARCH("pro",T18))),"Windows 10 Pro", IF(ISNUMBER(SEARCH("11",T18)),"Windows 11 Home", IF(ISNUMBER(SEARCH("10",T18)),"Windows 10 Home", IF(OR(ISNUMBER(SEARCH("dos",T18)),ISNUMBER(SEARCH("DOS",T18))),"DOS", "Unknown"))))), "Unknown") -> Windows 11 Home | V18: 2.44kg | W18: =IFERROR( IF(ISNUMBER(SEARCH(" g",SUBSTITUTE(V18,"gk","kg"))), ROUND(VALUE(TRIM(LEFT(SUBSTITUTE(V18,"gk","kg"),FIND(" ",SUBSTITUTE(V18,"gk","kg"))-1)))/1000,2) & " kg", IF(ISNUMBER(SEARCH("lb",V18)), ROUND(VALUE(TRIM(LEFT(V18,FIND(" ",V18)-1)))*0.453592,2) & " kg", ROUND(VALUE(TRIM(SUBSTITUTE(SUBSTITUTE(SUBSTITUTE(SUBSTITUTE(SUBSTITUTE(V18,"kg",""),"Kg",""),"KG",""),"gk",""),"g",""))),2) & " kg" )), "") -> 2.44 kg | X18: 1 Year | Y18: =IFERROR( IF(ISNUMBER(SEARCH("3",X18)), "3 Years", IF(ISNUMBER(SEARCH("2",X18)), "2 Years", IF(ISNUMBER(SEARCH("1",X18)), "1 Year", "Check Manually"))), "") -> 1 Year | Z18: 104999 | AA18: Unknown | AE18: =COUNTBLANK(#REF!) -> #REF! | AF18: =COUNTBLANK(V2:V1015) -> 37 | AG18: =COUNTBLANK(#REF!) -> #REF! | AH18: =COUNTBLANK(X2:X1015) -> 0 | AI18: =COUNTBLANK(Z2:Z1015) -> 0
A19: Lenovo | B19: =IF(OR(UPPER(TRIM(A19))="MSI", UPPER(TRIM(A19))="HP", UPPER(TRIM(A19))="ASUS"), UPPER(TRIM(A19)), PROPER(TRIM(A19))) -> Lenovo | C19: Legion 5 15IRX10 | D19: =TRIM(CLEAN(SUBSTITUTE(C19,CHAR(160)," "))) -> Legion 5 15IRX10 | E19: {=IFERROR( INDEX(Family_Map!$B$2:$B$35, _xludf.AGGREGATE(14,6,(ROW(Family_Map!$A$2:$A$35)-ROW(Family_Map!$A$2)+1)/(ISNUMBER(SEARCH(Family_Map!$A$2:$A$35,D19))),1) ), "Other")} -> Other | F19: Intel® Core i9-14900HX | G19: =TRIM(SUBSTITUTE(SUBSTITUTE(SUBSTITUTE(SUBSTITUTE(SUBSTITUTE(F19,"®",""),"™",""),CHAR(160)," "),_xludf.UNICHAR(8203),"")," "," ")) -> #NAME? | H19: =IF(ISNUMBER(SEARCH("CORE ULTRA 9",G19)),"Intel Core Ultra 9", IF(ISNUMBER(SEARCH("CORE ULTRA 7",G19)),"Intel Core Ultra 7",IF(ISNUMBER(SEARCH("CORE I3",G19)),"Intel Core i3", IF(ISNUMBER(SEARCH("CORE ULTRA 5",G19)),"Intel Core Ultra 5", IF(ISNUMBER(SEARCH("CORE I9",G19)),"Intel Core i9", IF(ISNUMBER(SEARCH("CORE I7",G19)),"Intel Core i7", IF(ISNUMBER(SEARCH("CORE I5",G19)),"Intel Core i5", IF(ISNUMBER(SEARCH("CORE 9",G19)),"Intel Core 9", IF(ISNUMBER(SEARCH("CORE 7",G19)),"Intel Core 7", IF(ISNUMBER(SEARCH("CORE 5",G19)),"Intel Core 5", IF(ISNUMBER(SEARCH("RYZEN AI 9",G19)),"AMD Ryzen AI 9", IF(ISNUMBER(SEARCH("RYZEN AI 7",G19)),"AMD Ryzen AI 7", IF(ISNUMBER(SEARCH("RYZEN 9",G19)),"AMD Ryzen 9", IF(ISNUMBER(SEARCH("RYZEN 7",G19)),"AMD Ryzen 7", IF(ISNUMBER(SEARCH("RYZEN 5",G19)),"AMD Ryzen 5", IF(ISNUMBER(SEARCH("SNAPDRAGON",G19)), IF(ISNUMBER(SEARCH("ELITE",G19)),"Snapdragon X Elite", IF(ISNUMBER(SEARCH("PLUS",G19)),"Snapdragon X Plus","Snapdragon")), "Other")))))))))))))))) -> Other | I19: 8GB GDDR7 | J19: =IFERROR( LEFT( TRIM(MID(I19, MIN(FIND({0,1,2,3,4,5,6,7,8,9}, I19&"0123456789")), 100)), FIND("G", UPPER(TRIM(MID(I19, MIN(FIND({0,1,2,3,4,5,6,7,8,9}, I19&"0123456789")), 100)))) ) & "B", "" ) -> 8GB | K19: 1x 16GB SO-DIMM DDR5-5600 | L19: =IFERROR( VALUE(SUBSTITUTE(SUBSTITUTE(LEFT(UPPER(TRIM(K19)),FIND("GB",UPPER(K19)&"GB")+1),"GB","")," ","")), IFERROR( VALUE(SUBSTITUTE(SUBSTITUTE(MID(UPPER(K19),FIND("GB",UPPER(K19)&"GB")-3,3),"GB","")," ","")) * IF( OR( ISNUMBER(SEARCH("2X",UPPER(K19))), ISNUMBER(SEARCH("X 2",UPPER(K19))), ISNUMBER(SEARCH("*2",UPPER(K19))), ISNUMBER(SEARCH("2*",UPPER(K19))), ISNUMBER(SEARCH("(2 X",UPPER(K19))) ), 2,1), "") ) -> 16 | M19: 1TB SSD M.2 2242 PCIe® 4.0x4 NVMe® | N19: =IFERROR( LEFT( TRIM(MID(M19, MIN(FIND({0,1,2,3,4,5,6,7,8,9}, M19&"0123456789")), 100)), FIND("B", UPPER(TRIM(MID(M19, MIN(FIND({0,1,2,3,4,5,6,7,8,9}, M19&"0123456789")), 100)))) ), "" ) -> 1TB | O19: =IFERROR( IF(RIGHT(TRIM(N19),2)="TB", VALUE(LEFT(TRIM(N19),LEN(TRIM(N19))-2))*1024 & "GB", TRIM(N19) ), "") -> 1024GB | P19: 2560x1600 | Q19: =IFERROR( SUBSTITUTE(SUBSTITUTE(SUBSTITUTE(SUBSTITUTE(SUBSTITUTE(SUBSTITUTE( TRIM(P19), "*","x"),"×","x"),"X","x")," x ","x"),"x ","x")," x","x"), "") -> 2560x1600 | R19: 165 HZ | S19: =IFERROR( TRIM(LEFT(TRIM(R19), FIND(UPPER("H"), UPPER(TRIM(R19)))-1)) & "Hz", "") -> 165Hz | T19: Windows 11 Home | U19: =IFERROR( IF(AND(ISNUMBER(SEARCH("11",T19)),ISNUMBER(SEARCH("pro",T19))),"Windows 11 Pro", IF(AND(ISNUMBER(SEARCH("10",T19)),ISNUMBER(SEARCH("pro",T19))),"Windows 10 Pro", IF(ISNUMBER(SEARCH("11",T19)),"Windows 11 Home", IF(ISNUMBER(SEARCH("10",T19)),"Windows 10 Home", IF(OR(ISNUMBER(SEARCH("dos",T19)),ISNUMBER(SEARCH("DOS",T19))),"DOS", "Unknown"))))), "Unknown") -> Windows 11 Home | V19: 1.9 kg | W19: =IFERROR( IF(ISNUMBER(SEARCH(" g",SUBSTITUTE(V19,"gk","kg"))), ROUND(VALUE(TRIM(LEFT(SUBSTITUTE(V19,"gk","kg"),FIND(" ",SUBSTITUTE(V19,"gk","kg"))-1)))/1000,2) & " kg", IF(ISNUMBER(SEARCH("lb",V19)), ROUND(VALUE(TRIM(LEFT(V19,FIND(" ",V19)-1)))*0.453592,2) & " kg", ROUND(VALUE(TRIM(SUBSTITUTE(SUBSTITUTE(SUBSTITUTE(SUBSTITUTE(SUBSTITUTE(V19,"kg",""),"Kg",""),"KG",""),"gk",""),"g",""))),2) & " kg" )), "") -> 1.9 kg | X19: 1 Year | Y19: =IFERROR( IF(ISNUMBER(SEARCH("3",X19)), "3 Years", IF(ISNUMBER(SEARCH("2",X19)), "2 Years", IF(ISNUMBER(SEARCH("1",X19)), "1 Year", "Check Manually"))), "") -> 1 Year | Z19: 107999 | AA19: 14th generation
A20: ASUS | B20: =IF(OR(UPPER(TRIM(A20))="MSI", UPPER(TRIM(A20))="HP", UPPER(TRIM(A20))="ASUS"), UPPER(TRIM(A20)), PROPER(TRIM(A20))) -> ASUS | C20: ROG Zephyrus G16 GA605KP-AI327W | D20: =TRIM(CLEAN(SUBSTITUTE(C20,CHAR(160)," "))) -> ROG Zephyrus G16 GA605KP-AI327W | E20: {=IFERROR( INDEX(Family_Map!$B$2:$B$35, _xludf.AGGREGATE(14,6,(ROW(Family_Map!$A$2:$A$35)-ROW(Family_Map!$A$2)+1)/(ISNUMBER(SEARCH(Family_Map!$A$2:$A$35,D20))),1) ), "Other")} -> Other | F20: AMD Ryzen™ AI 7 350 | G20: =TRIM(SUBSTITUTE(SUBSTITUTE(SUBSTITUTE(SUBSTITUTE(SUBSTITUTE(F20,"®",""),"™",""),CHAR(160)," "),_xludf.UNICHAR(8203),"")," "," ")) -> #NAME? | H20: =IF(ISNUMBER(SEARCH("CORE ULTRA 9",G20)),"Intel Core Ultra 9", IF(ISNUMBER(SEARCH("CORE ULTRA 7",G20)),"Intel Core Ultra 7",IF(ISNUMBER(SEARCH("CORE I3",G20)),"Intel Core i3", IF(ISNUMBER(SEARCH("CORE ULTRA 5",G20)),"Intel Core Ultra 5", IF(ISNUMBER(SEARCH("CORE I9",G20)),"Intel Core i9", IF(ISNUMBER(SEARCH("CORE I7",G20)),"Intel Core i7", IF(ISNUMBER(SEARCH("CORE I5",G20)),"Intel Core i5", IF(ISNUMBER(SEARCH("CORE 9",G20)),"Intel Core 9", IF(ISNUMBER(SEARCH("CORE 7",G20)),"Intel Core 7", IF(ISNUMBER(SEARCH("CORE 5",G20)),"Intel Core 5", IF(ISNUMBER(SEARCH("RYZEN AI 9",G20)),"AMD Ryzen AI 9", IF(ISNUMBER(SEARCH("RYZEN AI 7",G20)),"AMD Ryzen AI 7", IF(ISNUMBER(SEARCH("RYZEN 9",G20)),"AMD Ryzen 9", IF(ISNUMBER(SEARCH("RYZEN 7",G20)),"AMD Ryzen 7", IF(ISNUMBER(SEARCH("RYZEN 5",G20)),"AMD Ryzen 5", IF(ISNUMBER(SEARCH("SNAPDRAGON",G20)), IF(ISNUMBER(SEARCH("ELITE",G20)),"Snapdragon X Elite", IF(ISNUMBER(SEARCH("PLUS",G20)),"Snapdragon X Plus","Snapdragon")), "Other")))))))))))))))) -> Other | I20: 8GB GDDR7 | J20: =IFERROR( LEFT( TRIM(MID(I20, MIN(FIND({0,1,2,3,4,5,6,7,8,9}, I20&"0123456789")), 100)), FIND("G", UPPER(TRIM(MID(I20, MIN(FIND({0,1,2,3,4,5,6,7,8,9}, I20&"0123456789")), 100)))) ) & "B", "" ) -> 8GB | K20: 32GB LPDDR5X 7500 on board(Actual memory speeds may vary by CPU configuration.) | L20: =IFERROR( VALUE(SUBSTITUTE(SUBSTITUTE(LEFT(UPPER(TRIM(K20)),FIND("GB",UPPER(K20)&"GB")+1),"GB","")," ","")), IFERROR( VALUE(SUBSTITUTE(SUBSTITUTE(MID(UPPER(K20),FIND("GB",UPPER(K20)&"GB")-3,3),"GB","")," ","")) * IF( OR( ISNUMBER(SEARCH("2X",UPPER(K20))), ISNUMBER(SEARCH("X 2",UPPER(K20))), ISNUMBER(SEARCH("*2",UPPER(K20))), ISNUMBER(SEARCH("2*",UPPER(K20))), ISNUMBER(SEARCH("(2 X",UPPER(K20))) ), 2,1), "") ) -> 32 | M20: 1TB PCIe® 4.0 NVMe™ M.2 SSD | N20: =IFERROR( LEFT( TRIM(MID(M20, MIN(FIND({0,1,2,3,4,5,6,7,8,9}, M20&"0123456789")), 100)), FIND("B", UPPER(TRIM(MID(M20, MIN(FIND({0,1,2,3,4,5,6,7,8,9}, M20&"0123456789")), 100)))) ), "" ) -> 1TB | O20: =IFERROR( IF(RIGHT(TRIM(N20),2)="TB", VALUE(LEFT(TRIM(N20),LEN(TRIM(N20))-2))*1024 & "GB", TRIM(N20) ), "") -> 1024GB | P20: 2560 x 1600 | Q20: =IFERROR( SUBSTITUTE(SUBSTITUTE(SUBSTITUTE(SUBSTITUTE(SUBSTITUTE(SUBSTITUTE( TRIM(P20), "*","x"),"×","x"),"X","x")," x ","x"),"x ","x")," x","x"), "") -> 2560x1600 | R20: 240Hz | S20: =IFERROR( TRIM(LEFT(TRIM(R20), FIND(UPPER("H"), UPPER(TRIM(R20)))-1)) & "Hz", "") -> 240Hz | T20: Windows 11 Home | U20: =IFERROR( IF(AND(ISNUMBER(SEARCH("11",T20)),ISNUMBER(SEARCH("pro",T20))),"Windows 11 Pro", IF(AND(ISNUMBER(SEARCH("10",T20)),ISNUMBER(SEARCH("pro",T20))),"Windows 10 Pro", IF(ISNUMBER(SEARCH("11",T20)),"Windows 11 Home", IF(ISNUMBER(SEARCH("10",T20)),"Windows 10 Home", IF(OR(ISNUMBER(SEARCH("dos",T20)),ISNUMBER(SEARCH("DOS",T20))),"DOS", "Unknown"))))), "Unknown") -> Windows 11 Home | V20: 1.85 Kg | W20: =IFERROR( IF(ISNUMBER(SEARCH(" g",SUBSTITUTE(V20,"gk","kg"))), ROUND(VALUE(TRIM(LEFT(SUBSTITUTE(V20,"gk","kg"),FIND(" ",SUBSTITUTE(V20,"gk","kg"))-1)))/1000,2) & " kg", IF(ISNUMBER(SEARCH("lb",V20)), ROUND(VALUE(TRIM(LEFT(V20,FIND(" ",V20)-1)))*0.453592,2) & " kg", ROUND(VALUE(TRIM(SUBSTITUTE(SUBSTITUTE(SUBSTITUTE(SUBSTITUTE(SUBSTITUTE(V20,"kg",""),"Kg",""),"KG",""),"gk",""),"g",""))),2) & " kg" )), "") -> 1.85 kg | X20: 1 year | Y20: =IFERROR( IF(ISNUMBER(SEARCH("3",X20)), "3 Years", IF(ISNUMBER(SEARCH("2",X20)), "2 Years", IF(ISNUMBER(SEARCH("1",X20)), "1 Year", "Check Manually"))), "") -> 1 Year | Z20: 105200 | AA20: Unknown | AE20: Processor Generation | AF20: Processor Details | AG20: Product Number | AH20: Power Supply Type | AI20: Laptop Color
A21: Lenovo | B21: =IF(OR(UPPER(TRIM(A21))="MSI", UPPER(TRIM(A21))="HP", UPPER(TRIM(A21))="ASUS"), UPPER(TRIM(A21)), PROPER(TRIM(A21))) -> Lenovo | C21: Legion Pro 7 16IAX10H | D21: =TRIM(CLEAN(SUBSTITUTE(C21,CHAR(160)," "))) -> Legion Pro 7 16IAX10H | E21: {=IFERROR( INDEX(Family_Map!$B$2:$B$35, _xludf.AGGREGATE(14,6,(ROW(Family_Map!$A$2:$A$35)-ROW(Family_Map!$A$2)+1)/(ISNUMBER(SEARCH(Family_Map!$A$2:$A$35,D21))),1) ), "Other")} -> Other | F21: Intel® Core Ultra 9 275HX | G21: =TRIM(SUBSTITUTE(SUBSTITUTE(SUBSTITUTE(SUBSTITUTE(SUBSTITUTE(F21,"®",""),"™",""),CHAR(160)," "),_xludf.UNICHAR(8203),"")," "," ")) -> #NAME? | H21: =IF(ISNUMBER(SEARCH("CORE ULTRA 9",G21)),"Intel Core Ultra 9", IF(ISNUMBER(SEARCH("CORE ULTRA 7",G21)),"Intel Core Ultra 7",IF(ISNUMBER(SEARCH("CORE I3",G21)),"Intel Core i3", IF(ISNUMBER(SEARCH("CORE ULTRA 5",G21)),"Intel Core Ultra 5", IF(ISNUMBER(SEARCH("CORE I9",G21)),"Intel Core i9", IF(ISNUMBER(SEARCH("CORE I7",G21)),"Intel Core i7", IF(ISNUMBER(SEARCH("CORE I5",G21)),"Intel Core i5", IF(ISNUMBER(SEARCH("CORE 9",G21)),"Intel Core 9", IF(ISNUMBER(SEARCH("CORE 7",G21)),"Intel Core 7", IF(ISNUMBER(SEARCH("CORE 5",G21)),"Intel Core 5", IF(ISNUMBER(SEARCH("RYZEN AI 9",G21)),"AMD Ryzen AI 9", IF(ISNUMBER(SEARCH("RYZEN AI 7",G21)),"AMD Ryzen AI 7", IF(ISNUMBER(SEARCH("RYZEN 9",G21)),"AMD Ryzen 9", IF(ISNUMBER(SEARCH("RYZEN 7",G21)),"AMD Ryzen 7", IF(ISNUMBER(SEARCH("RYZEN 5",G21)),"AMD Ryzen 5", IF(ISNUMBER(SEARCH("SNAPDRAGON",G21)), IF(ISNUMBER(SEARCH("ELITE",G21)),"Snapdragon X Elite", IF(ISNUMBER(SEARCH("PLUS",G21)),"Snapdragon X Plus","Snapdragon")), "Other")))))))))))))))) -> Other | I21: 16GB GDDR7 | J21: =IFERROR( LEFT( TRIM(MID(I21, MIN(FIND({0,1,2,3,4,5,6,7,8,9}, I21&"0123456789")), 100)), FIND("G", UPPER(TRIM(MID(I21, MIN(FIND({0,1,2,3,4,5,6,7,8,9}, I21&"0123456789")), 100)))) ) & "B", "" ) -> 16GB | K21: 2x 32GB CSODIMM DDR5-6400 | L21: =IFERROR( VALUE(SUBSTITUTE(SUBSTITUTE(LEFT(UPPER(TRIM(K21)),FIND("GB",UPPER(K21)&"GB")+1),"GB","")," ","")), IFERROR( VALUE(SUBSTITUTE(SUBSTITUTE(MID(UPPER(K21),FIND("GB",UPPER(K21)&"GB")-3,3),"GB","")," ","")) * IF( OR( ISNUMBER(SEARCH("2X",UPPER(K21))), ISNUMBER(SEARCH("X 2",UPPER(K21))), ISNUMBER(SEARCH("*2",UPPER(K21))), ISNUMBER(SEARCH("2*",UPPER(K21))), ISNUMBER(SEARCH("(2 X",UPPER(K21))) ), 2,1), "") ) -> 64 | M21: 2TB SSD M.2 2280 PCIe® 4.0x4 NVMe® | N21: =IFERROR( LEFT( TRIM(MID(M21, MIN(FIND({0,1,2,3,4,5,6,7,8,9}, M21&"0123456789")), 100)), FIND("B", UPPER(TRIM(MID(M21, MIN(FIND({0,1,2,3,4,5,6,7,8,9}, M21&"0123456789")), 100)))) ), "" ) -> 2TB | O21: =IFERROR( IF(RIGHT(TRIM(N21),2)="TB", VALUE(LEFT(TRIM(N21),LEN(TRIM(N21))-2))*1024 & "GB", TRIM(N21) ), "") -> 2048GB | P21: 2560x1600 | Q21: =IFERROR( SUBSTITUTE(SUBSTITUTE(SUBSTITUTE(SUBSTITUTE(SUBSTITUTE(SUBSTITUTE( TRIM(P21), "*","x"),"×","x"),"X","x")," x ","x"),"x ","x")," x","x"), "") -> 2560x1600 | R21: 240 HZ | S21: =IFERROR( TRIM(LEFT(TRIM(R21), FIND(UPPER("H"), UPPER(TRIM(R21)))-1)) & "Hz", "") -> 240Hz | T21: Windows® 11 Pro | U21: =IFERROR( IF(AND(ISNUMBER(SEARCH("11",T21)),ISNUMBER(SEARCH("pro",T21))),"Windows 11 Pro", IF(AND(ISNUMBER(SEARCH("10",T21)),ISNUMBER(SEARCH("pro",T21))),"Windows 10 Pro", IF(ISNUMBER(SEARCH("11",T21)),"Windows 11 Home", IF(ISNUMBER(SEARCH("10",T21)),"Windows 10 Home", IF(OR(ISNUMBER(SEARCH("dos",T21)),ISNUMBER(SEARCH("DOS",T21))),"DOS", "Unknown"))))), "Unknown") -> Windows 11 Pro | V21: 2.57 kg | W21: =IFERROR( IF(ISNUMBER(SEARCH(" g",SUBSTITUTE(V21,"gk","kg"))), ROUND(VALUE(TRIM(LEFT(SUBSTITUTE(V21,"gk","kg"),FIND(" ",SUBSTITUTE(V21,"gk","kg"))-1)))/1000,2) & " kg", IF(ISNUMBER(SEARCH("lb",V21)), ROUND(VALUE(TRIM(LEFT(V21,FIND(" ",V21)-1)))*0.453592,2) & " kg", ROUND(VALUE(TRIM(SUBSTITUTE(SUBSTITUTE(SUBSTITUTE(SUBSTITUTE(SUBSTITUTE(V21,"kg",""),"Kg",""),"KG",""),"gk",""),"g",""))),2) & " kg" )), "") -> 2.57 kg | X21: 1 Year | Y21: =IFERROR( IF(ISNUMBER(SEARCH("3",X21)), "3 Years", IF(ISNUMBER(SEARCH("2",X21)), "2 Years", IF(ISNUMBER(SEARCH("1",X21)), "1 Year", "Check Manually"))), "") -> 1 Year | Z21: 205000 | AA21: Unknown | AE21: =COUNTBLANK(AA2:AA1015) -> 0 | AF21: =COUNTBLANK(#REF!) -> #REF! | AG21: =COUNTBLANK(#REF!) -> #REF! | AH21: =COUNTBLANK(#REF!) -> #REF! | AI21: =COUNTBLANK(#REF!) -> #REF!
A22: HP | B22: =IF(OR(UPPER(TRIM(A22))="MSI", UPPER(TRIM(A22))="HP", UPPER(TRIM(A22))="ASUS"), UPPER(TRIM(A22)), PROPER(TRIM(A22))) -> HP | C22: Victus 16-r1046ne | D22: =TRIM(CLEAN(SUBSTITUTE(C22,CHAR(160)," "))) -> Victus 16-r1046ne | E22: {=IFERROR( INDEX(Family_Map!$B$2:$B$35, _xludf.AGGREGATE(14,6,(ROW(Family_Map!$A$2:$A$35)-ROW(Family_Map!$A$2)+1)/(ISNUMBER(SEARCH(Family_Map!$A$2:$A$35,D22))),1) ), "Other")} -> Other | F22: Intel® Core™ i7-14700HX | G22: =TRIM(SUBSTITUTE(SUBSTITUTE(SUBSTITUTE(SUBSTITUTE(SUBSTITUTE(F22,"®",""),"™",""),CHAR(160)," "),_xludf.UNICHAR(8203),"")," "," ")) -> #NAME? | H22: =IF(ISNUMBER(SEARCH("CORE ULTRA 9",G22)),"Intel Core Ultra 9", IF(ISNUMBER(SEARCH("CORE ULTRA 7",G22)),"Intel Core Ultra 7",IF(ISNUMBER(SEARCH("CORE I3",G22)),"Intel Core i3", IF(ISNUMBER(SEARCH("CORE ULTRA 5",G22)),"Intel Core Ultra 5", IF(ISNUMBER(SEARCH("CORE I9",G22)),"Intel Core i9", IF(ISNUMBER(SEARCH("CORE I7",G22)),"Intel Core i7", IF(ISNUMBER(SEARCH("CORE I5",G22)),"Intel Core i5", IF(ISNUMBER(SEARCH("CORE 9",G22)),"Intel Core 9", IF(ISNUMBER(SEARCH("CORE 7",G22)),"Intel Core 7", IF(ISNUMBER(SEARCH("CORE 5",G22)),"Intel Core 5", IF(ISNUMBER(SEARCH("RYZEN AI 9",G22)),"AMD Ryzen AI 9", IF(ISNUMBER(SEARCH("RYZEN AI 7",G22)),"AMD Ryzen AI 7", IF(ISNUMBER(SEARCH("RYZEN 9",G22)),"AMD Ryzen 9", IF(ISNUMBER(SEARCH("RYZEN 7",G22)),"AMD Ryzen 7", IF(ISNUMBER(SEARCH("RYZEN 5",G22)),"AMD Ryzen 5", IF(ISNUMBER(SEARCH("SNAPDRAGON",G22)), IF(ISNUMBER(SEARCH("ELITE",G22)),"Snapdragon X Elite", IF(ISNUMBER(SEARCH("PLUS",G22)),"Snapdragon X Plus","Snapdragon")), "Other")))))))))))))))) -> Other | I22: 6 GB GDDR6 | J22: =IFERROR( LEFT( TRIM(MID(I22, MIN(FIND({0,1,2,3,4,5,6,7,8,9}, I22&"0123456789")), 100)), FIND("G", UPPER(TRIM(MID(I22, MIN(FIND({0,1,2,3,4,5,6,7,8,9}, I22&"0123456789")), 100)))) ) & "B", "" ) -> 6 GB | K22: 16 GB DDR5-5600 MT/s (2 x 8 GB) Transfer rates up to 5600 MT/s. 2 x 8 GB | L22: =IFERROR( VALUE(SUBSTITUTE(SUBSTITUTE(LEFT(UPPER(TRIM(K22)),FIND("GB",UPPER(K22)&"GB")+1),"GB","")," ","")), IFERROR( VALUE(SUBSTITUTE(SUBSTITUTE(MID(UPPER(K22),FIND("GB",UPPER(K22)&"GB")-3,3),"GB","")," ","")) * IF( OR( ISNUMBER(SEARCH("2X",UPPER(K22))), ISNUMBER(SEARCH("X 2",UPPER(K22))), ISNUMBER(SEARCH("*2",UPPER(K22))), ISNUMBER(SEARCH("2*",UPPER(K22))), ISNUMBER(SEARCH("(2 X",UPPER(K22))) ), 2,1), "") ) -> 16 | M22: 1 TB PCIe® Gen4 NVMe™ M.2 SSD | N22: =IFERROR( LEFT( TRIM(MID(M22, MIN(FIND({0,1,2,3,4,5,6,7,8,9}, M22&"0123456789")), 100)), FIND("B", UPPER(TRIM(MID(M22, MIN(FIND({0,1,2,3,4,5,6,7,8,9}, M22&"0123456789")), 100)))) ), "" ) -> 1 TB | O22: =IFERROR( IF(RIGHT(TRIM(N22),2)="TB", VALUE(LEFT(TRIM(N22),LEN(TRIM(N22))-2))*1024 & "GB", TRIM(N22) ), "") -> 1024GB | P22: 1920 x 1080 | Q22: =IFERROR( SUBSTITUTE(SUBSTITUTE(SUBSTITUTE(SUBSTITUTE(SUBSTITUTE(SUBSTITUTE( TRIM(P22), "*","x"),"×","x"),"X","x")," x ","x"),"x ","x")," x","x"), "") -> 1920x1080 | R22: 144 Hz | S22: =IFERROR( TRIM(LEFT(TRIM(R22), FIND(UPPER("H"), UPPER(TRIM(R22)))-1)) & "Hz", "") -> 144Hz | T22: DOS | U22: =IFERROR( IF(AND(ISNUMBER(SEARCH("11",T22)),ISNUMBER(SEARCH("pro",T22))),"Windows 11 Pro", IF(AND(ISNUMBER(SEARCH("10",T22)),ISNUMBER(SEARCH("pro",T22))),"Windows 10 Pro", IF(ISNUMBER(SEARCH("11",T22)),"Windows 11 Home", IF(ISNUMBER(SEARCH("10",T22)),"Windows 10 Home", IF(OR(ISNUMBER(SEARCH("dos",T22)),ISNUMBER(SEARCH("DOS",T22))),"DOS", "Unknown"))))), "Unknown") -> DOS | V22: 2.33 kg | W22: =IFERROR( IF(ISNUMBER(SEARCH(" g",SUBSTITUTE(V22,"gk","kg"))), ROUND(VALUE(TRIM(LEFT(SUBSTITUTE(V22,"gk","kg"),FIND(" ",SUBSTITUTE(V22,"gk","kg"))-1)))/1000,2) & " kg", IF(ISNUMBER(SEARCH("lb",V22)), ROUND(VALUE(TRIM(LEFT(V22,FIND(" ",V22)-1)))*0.453592,2) & " kg", ROUND(VALUE(TRIM(SUBSTITUTE(SUBSTITUTE(SUBSTITUTE(SUBSTITUTE(SUBSTITUTE(V22,"kg",""),"Kg",""),"KG",""),"gk",""),"g",""))),2) & " kg" )), "") -> 2.33 kg | X22: 1 Year | Y22: =IFERROR( IF(ISNUMBER(SEARCH("3",X22)), "3 Years", IF(ISNUMBER(SEARCH("2",X22)), "2 Years", IF(ISNUMBER(SEARCH("1",X22)), "1 Year", "Check Manually"))), "") -> 1 Year | Z22: 53999 | AA22: 14th generation
A23: ASUS | B23: =IF(OR(UPPER(TRIM(A23))="MSI", UPPER(TRIM(A23))="HP", UPPER(TRIM(A23))="ASUS"), UPPER(TRIM(A23)), PROPER(TRIM(A23))) -> ASUS | C23: ROG Strix G16 G614PR-RV161W | D23: =TRIM(CLEAN(SUBSTITUTE(C23,CHAR(160)," "))) -> ROG Strix G16 G614PR-RV161W | E23: {=IFERROR( INDEX(Family_Map!$B$2:$B$35, _xludf.AGGREGATE(14,6,(ROW(Family_Map!$A$2:$A$35)-ROW(Family_Map!$A$2)+1)/(ISNUMBER(SEARCH(Family_Map!$A$2:$A$35,D23))),1) ), "Other")} -> Other | F23: AMD Ryzen™ 9 8940HX | G23: =TRIM(SUBSTITUTE(SUBSTITUTE(SUBSTITUTE(SUBSTITUTE(SUBSTITUTE(F23,"®",""),"™",""),CHAR(160)," "),_xludf.UNICHAR(8203),"")," "," ")) -> #NAME? | H23: =IF(ISNUMBER(SEARCH("CORE ULTRA 9",G23)),"Intel Core Ultra 9", IF(ISNUMBER(SEARCH("CORE ULTRA 7",G23)),"Intel Core Ultra 7",IF(ISNUMBER(SEARCH("CORE I3",G23)),"Intel Core i3", IF(ISNUMBER(SEARCH("CORE ULTRA 5",G23)),"Intel Core Ultra 5", IF(ISNUMBER(SEARCH("CORE I9",G23)),"Intel Core i9", IF(ISNUMBER(SEARCH("CORE I7",G23)),"Intel Core i7", IF(ISNUMBER(SEARCH("CORE I5",G23)),"Intel Core i5", IF(ISNUMBER(SEARCH("CORE 9",G23)),"Intel Core 9", IF(ISNUMBER(SEARCH("CORE 7",G23)),"Intel Core 7", IF(ISNUMBER(SEARCH("CORE 5",G23)),"Intel Core 5", IF(ISNUMBER(SEARCH("RYZEN AI 9",G23)),"AMD Ryzen AI 9", IF(ISNUMBER(SEARCH("RYZEN AI 7",G23)),"AMD Ryzen AI 7", IF(ISNUMBER(SEARCH("RYZEN 9",G23)),"AMD Ryzen 9", IF(ISNUMBER(SEARCH("RYZEN 7",G23)),"AMD Ryzen 7", IF(ISNUMBER(SEARCH("RYZEN 5",G23)),"AMD Ryzen 5", IF(ISNUMBER(SEARCH("SNAPDRAGON",G23)), IF(ISNUMBER(SEARCH("ELITE",G23)),"Snapdragon X Elite", IF(ISNUMBER(SEARCH("PLUS",G23)),"Snapdragon X Plus","Snapdragon")), "Other")))))))))))))))) -> Other | I23: 12GB GDDR7 | J23: =IFERROR( LEFT( TRIM(MID(I23, MIN(FIND({0,1,2,3,4,5,6,7,8,9}, I23&"0123456789")), 100)), FIND("G", UPPER(TRIM(MID(I23, MIN(FIND({0,1,2,3,4,5,6,7,8,9}, I23&"0123456789")), 100)))) ) & "B", "" ) -> 12GB | K23: 16GB DDR5-5200 SO-DIMM | L23: =IFERROR( VALUE(SUBSTITUTE(SUBSTITUTE(LEFT(UPPER(TRIM(K23)),FIND("GB",UPPER(K23)&"GB")+1),"GB","")," ","")), IFERROR( VALUE(SUBSTITUTE(SUBSTITUTE(MID(UPPER(K23),FIND("GB",UPPER(K23)&"GB")-3,3),"GB","")," ","")) * IF( OR( ISNUMBER(SEARCH("2X",UPPER(K23))), ISNUMBER(SEARCH("X 2",UPPER(K23))), ISNUMBER(SEARCH("*2",UPPER(K23))), ISNUMBER(SEARCH("2*",UPPER(K23))), ISNUMBER(SEARCH("(2 X",UPPER(K23))) ), 2,1), "") ) -> 16 | M23: 1TB PCIe® 4.0 NVMe™ M.2 SSD | N23: =IFERROR( LEFT( TRIM(MID(M23, MIN(FIND({0,1,2,3,4,5,6,7,8,9}, M23&"0123456789")), 100)), FIND("B", UPPER(TRIM(MID(M23, MIN(FIND({0,1,2,3,4,5,6,7,8,9}, M23&"0123456789")), 100)))) ), "" ) -> 1TB | O23: =IFERROR( IF(RIGHT(TRIM(N23),2)="TB", VALUE(LEFT(TRIM(N23),LEN(TRIM(N23))-2))*1024 & "GB", TRIM(N23) ), "") -> 1024GB | P23: 1920 x 1200 | Q23: =IFERROR( SUBSTITUTE(SUBSTITUTE(SUBSTITUTE(SUBSTITUTE(SUBSTITUTE(SUBSTITUTE( TRIM(P23), "*","x"),"×","x"),"X","x")," x ","x"),"x ","x")," x","x"), "") -> 1920x1200 | R23: 165 HZ | S23: =IFERROR( TRIM(LEFT(TRIM(R23), FIND(UPPER("H"), UPPER(TRIM(R23)))-1)) & "Hz", "") -> 165Hz | T23: Windows 11 Home | U23: =IFERROR( IF(AND(ISNUMBER(SEARCH("11",T23)),ISNUMBER(SEARCH("pro",T23))),"Windows 11 Pro", IF(AND(ISNUMBER(SEARCH("10",T23)),ISNUMBER(SEARCH("pro",T23))),"Windows 10 Pro", IF(ISNUMBER(SEARCH("11",T23)),"Windows 11 Home", IF(ISNUMBER(SEARCH("10",T23)),"Windows 10 Home", IF(OR(ISNUMBER(SEARCH("dos",T23)),ISNUMBER(SEARCH("DOS",T23))),"DOS", "Unknown"))))), "Unknown") -> Windows 11 Home | V23: 2.50 Kg | W23: =IFERROR( IF(ISNUMBER(SEARCH(" g",SUBSTITUTE(V23,"gk","kg"))), ROUND(VALUE(TRIM(LEFT(SUBSTITUTE(V23,"gk","kg"),FIND(" ",SUBSTITUTE(V23,"gk","kg"))-1)))/1000,2) & " kg", IF(ISNUMBER(SEARCH("lb",V23)), ROUND(VALUE(TRIM(LEFT(V23,FIND(" ",V23)-1)))*0.453592,2) & " kg", ROUND(VALUE(TRIM(SUBSTITUTE(SUBSTITUTE(SUBSTITUTE(SUBSTITUTE(SUBSTITUTE(V23,"kg",""),"Kg",""),"KG",""),"gk",""),"g",""))),2) & " kg" )), "") -> 2.5 kg | X23: 1 Year | Y23: =IFERROR( IF(ISNUMBER(SEARCH("3",X23)), "3 Years", IF(ISNUMBER(SEARCH("2",X23)), "2 Years", IF(ISNUMBER(SEARCH("1",X23)), "1 Year", "Check Manually"))), "") -> 1 Year | Z23: 109300 | AA23: Unknown | AE23: Finger Print | AF23: Support SSD M2 | AG23: Pointing Device | AH23: Optical Drive | AI23: Series
A24: ASUS | B24: =IF(OR(UPPER(TRIM(A24))="MSI", UPPER(TRIM(A24))="HP", UPPER(TRIM(A24))="ASUS"), UPPER(TRIM(A24)), PROPER(TRIM(A24))) -> ASUS | C24: ROG Strix G16 G614FP-GR169W | D24: =TRIM(CLEAN(SUBSTITUTE(C24,CHAR(160)," "))) -> ROG Strix G16 G614FP-GR169W | E24: {=IFERROR( INDEX(Family_Map!$B$2:$B$35, _xludf.AGGREGATE(14,6,(ROW(Family_Map!$A$2:$A$35)-ROW(Family_Map!$A$2)+1)/(ISNUMBER(SEARCH(Family_Map!$A$2:$A$35,D24))),1) ), "Other")} -> Other | F24: AMD Ryzen 9 9955HX | G24: =TRIM(SUBSTITUTE(SUBSTITUTE(SUBSTITUTE(SUBSTITUTE(SUBSTITUTE(F24,"®",""),"™",""),CHAR(160)," "),_xludf.UNICHAR(8203),"")," "," ")) -> #NAME? | H24: =IF(ISNUMBER(SEARCH("CORE ULTRA 9",G24)),"Intel Core Ultra 9", IF(ISNUMBER(SEARCH("CORE ULTRA 7",G24)),"Intel Core Ultra 7",IF(ISNUMBER(SEARCH("CORE I3",G24)),"Intel Core i3", IF(ISNUMBER(SEARCH("CORE ULTRA 5",G24)),"Intel Core Ultra 5", IF(ISNUMBER(SEARCH("CORE I9",G24)),"Intel Core i9", IF(ISNUMBER(SEARCH("CORE I7",G24)),"Intel Core i7", IF(ISNUMBER(SEARCH("CORE I5",G24)),"Intel Core i5", IF(ISNUMBER(SEARCH("CORE 9",G24)),"Intel Core 9", IF(ISNUMBER(SEARCH("CORE 7",G24)),"Intel Core 7", IF(ISNUMBER(SEARCH("CORE 5",G24)),"Intel Core 5", IF(ISNUMBER(SEARCH("RYZEN AI 9",G24)),"AMD Ryzen AI 9", IF(ISNUMBER(SEARCH("RYZEN AI 7",G24)),"AMD Ryzen AI 7", IF(ISNUMBER(SEARCH("RYZEN 9",G24)),"AMD Ryzen 9", IF(ISNUMBER(SEARCH("RYZEN 7",G24)),"AMD Ryzen 7", IF(ISNUMBER(SEARCH("RYZEN 5",G24)),"AMD Ryzen 5", IF(ISNUMBER(SEARCH("SNAPDRAGON",G24)), IF(ISNUMBER(SEARCH("ELITE",G24)),"Snapdragon X Elite", IF(ISNUMBER(SEARCH("PLUS",G24)),"Snapdragon X Plus","Snapdragon")), "Other")))))))))))))))) -> Other | I24: 8GB GDDR7 | J24: =IFERROR( LEFT( TRIM(MID(I24, MIN(FIND({0,1,2,3,4,5,6,7,8,9}, I24&"0123456789")), 100)), FIND("G", UPPER(TRIM(MID(I24, MIN(FIND({0,1,2,3,4,5,6,7,8,9}, I24&"0123456789")), 100)))) ) & "B", "" ) -> 8GB | K24: 16GB DDR5-5600 SO-DIMM | L24: =IFERROR( VALUE(SUBSTITUTE(SUBSTITUTE(LEFT(UPPER(TRIM(K24)),FIND("GB",UPPER(K24)&"GB")+1),"GB","")," ","")), IFERROR( VALUE(SUBSTITUTE(SUBSTITUTE(MID(UPPER(K24),FIND("GB",UPPER(K24)&"GB")-3,3),"GB","")," ","")) * IF( OR( ISNUMBER(SEARCH("2X",UPPER(K24))), ISNUMBER(SEARCH("X 2",UPPER(K24))), ISNUMBER(SEARCH("*2",UPPER(K24))), ISNUMBER(SEARCH("2*",UPPER(K24))), ISNUMBER(SEARCH("(2 X",UPPER(K24))) ), 2,1), "") ) -> 16 | M24: 1TB PCIe® 4.0 NVMe™ M.2 SSD | N24: =IFERROR( LEFT( TRIM(MID(M24, MIN(FIND({0,1,2,3,4,5,6,7,8,9}, M24&"0123456789")), 100)), FIND("B", UPPER(TRIM(MID(M24, MIN(FIND({0,1,2,3,4,5,6,7,8,9}, M24&"0123456789")), 100)))) ), "" ) -> 1TB | O24: =IFERROR( IF(RIGHT(TRIM(N24),2)="TB", VALUE(LEFT(TRIM(N24),LEN(TRIM(N24))-2))*1024 & "GB", TRIM(N24) ), "") -> 1024GB | P24: 1920 x 1200 | Q24: =IFERROR( SUBSTITUTE(SUBSTITUTE(SUBSTITUTE(SUBSTITUTE(SUBSTITUTE(SUBSTITUTE( TRIM(P24), "*","x"),"×","x"),"X","x")," x ","x"),"x ","x")," x","x"), "") -> 1920x1200 | R24: 165 HZ | S24: =IFERROR( TRIM(LEFT(TRIM(R24), FIND(UPPER("H"), UPPER(TRIM(R24)))-1)) & "Hz", "") -> 165Hz | T24: Windows® 11 Home | U24: =IFERROR( IF(AND(ISNUMBER(SEARCH("11",T24)),ISNUMBER(SEARCH("pro",T24))),"Windows 11 Pro", IF(AND(ISNUMBER(SEARCH("10",T24)),ISNUMBER(SEARCH("pro",T24))),"Windows 10 Pro", IF(ISNUMBER(SEARCH("11",T24)),"Windows 11 Home", IF(ISNUMBER(SEARCH("10",T24)),"Windows 10 Home", IF(OR(ISNUMBER(SEARCH("dos",T24)),ISNUMBER(SEARCH("DOS",T24))),"DOS", "Unknown"))))), "Unknown") -> Windows 11 Home | V24: 2.50 Kg | W24: =IFERROR( IF(ISNUMBER(SEARCH(" g",SUBSTITUTE(V24,"gk","kg"))), ROUND(VALUE(TRIM(LEFT(SUBSTITUTE(V24,"gk","kg"),FIND(" ",SUBSTITUTE(V24,"gk","kg"))-1)))/1000,2) & " kg", IF(ISNUMBER(SEARCH("lb",V24)), ROUND(VALUE(TRIM(LEFT(V24,FIND(" ",V24)-1)))*0.453592,2) & " kg", ROUND(VALUE(TRIM(SUBSTITUTE(SUBSTITUTE(SUBSTITUTE(SUBSTITUTE(SUBSTITUTE(V24,"kg",""),"Kg",""),"KG",""),"gk",""),"g",""))),2) & " kg" )), "") -> 2.5 kg | X24: 1 Year | Y24: =IFERROR( IF(ISNUMBER(SEARCH("3",X24)), "3 Years", IF(ISNUMBER(SEARCH("2",X24)), "2 Years", IF(ISNUMBER(SEARCH("1",X24)), "1 Year", "Check Manually"))), "") -> 1 Year | Z24: 102000 | AA24: Unknown | AE24: =COUNTBLANK(#REF!) -> #REF! | AF24: =COUNTBLANK(#REF!) -> #REF! | AG24: =COUNTBLANK(#REF!) -> #REF! | AH24: =COUNTBLANK(#REF!) -> #REF! | AI24: =COUNTBLANK(#REF!) -> #REF!
A25: ASUS | B25: =IF(OR(UPPER(TRIM(A25))="MSI", UPPER(TRIM(A25))="HP", UPPER(TRIM(A25))="ASUS"), UPPER(TRIM(A25)), PROPER(TRIM(A25))) -> ASUS | C25: TUF Gaming A16 FA608UH-RV007W | D25: =TRIM(CLEAN(SUBSTITUTE(C25,CHAR(160)," "))) -> TUF Gaming A16 FA608UH-RV007W | E25: {=IFERROR( INDEX(Family_Map!$B$2:$B$35, _xludf.AGGREGATE(14,6,(ROW(Family_Map!$A$2:$A$35)-ROW(Family_Map!$A$2)+1)/(ISNUMBER(SEARCH(Family_Map!$A$2:$A$35,D25))),1) ), "Other")} -> Other | F25: AMD Ryzen™ 7 260 | G25: =TRIM(SUBSTITUTE(SUBSTITUTE(SUBSTITUTE(SUBSTITUTE(SUBSTITUTE(F25,"®",""),"™",""),CHAR(160)," "),_xludf.UNICHAR(8203),"")," "," ")) -> #NAME? | H25: =IF(ISNUMBER(SEARCH("CORE ULTRA 9",G25)),"Intel Core Ultra 9", IF(ISNUMBER(SEARCH("CORE ULTRA 7",G25)),"Intel Core Ultra 7",IF(ISNUMBER(SEARCH("CORE I3",G25)),"Intel Core i3", IF(ISNUMBER(SEARCH("CORE ULTRA 5",G25)),"Intel Core Ultra 5", IF(ISNUMBER(SEARCH("CORE I9",G25)),"Intel Core i9", IF(ISNUMBER(SEARCH("CORE I7",G25)),"Intel Core i7", IF(ISNUMBER(SEARCH("CORE I5",G25)),"Intel Core i5", IF(ISNUMBER(SEARCH("CORE 9",G25)),"Intel Core 9", IF(ISNUMBER(SEARCH("CORE 7",G25)),"Intel Core 7", IF(ISNUMBER(SEARCH("CORE 5",G25)),"Intel Core 5", IF(ISNUMBER(SEARCH("RYZEN AI 9",G25)),"AMD Ryzen AI 9", IF(ISNUMBER(SEARCH("RYZEN AI 7",G25)),"AMD Ryzen AI 7", IF(ISNUMBER(SEARCH("RYZEN 9",G25)),"AMD Ryzen 9", IF(ISNUMBER(SEARCH("RYZEN 7",G25)),"AMD Ryzen 7", IF(ISNUMBER(SEARCH("RYZEN 5",G25)),"AMD Ryzen 5", IF(ISNUMBER(SEARCH("SNAPDRAGON",G25)), IF(ISNUMBER(SEARCH("ELITE",G25)),"Snapdragon X Elite", IF(ISNUMBER(SEARCH("PLUS",G25)),"Snapdragon X Plus","Snapdragon")), "Other")))))))))))))))) -> Other | I25: 8GB GDDR7 | J25: =IFERROR( LEFT( TRIM(MID(I25, MIN(FIND({0,1,2,3,4,5,6,7,8,9}, I25&"0123456789")), 100)), FIND("G", UPPER(TRIM(MID(I25, MIN(FIND({0,1,2,3,4,5,6,7,8,9}, I25&"0123456789")), 100)))) ) & "B", "" ) -> 8GB | K25: 16GB DDR5-5600 SO-DIMM | L25: =IFERROR( VALUE(SUBSTITUTE(SUBSTITUTE(LEFT(UPPER(TRIM(K25)),FIND("GB",UPPER(K25)&"GB")+1),"GB","")," ","")), IFERROR( VALUE(SUBSTITUTE(SUBSTITUTE(MID(UPPER(K25),FIND("GB",UPPER(K25)&"GB")-3,3),"GB","")," ","")) * IF( OR( ISNUMBER(SEARCH("2X",UPPER(K25))), ISNUMBER(SEARCH("X 2",UPPER(K25))), ISNUMBER(SEARCH("*2",UPPER(K25))), ISNUMBER(SEARCH("2*",UPPER(K25))), ISNUMBER(SEARCH("(2 X",UPPER(K25))) ), 2,1), "") ) -> 16 | M25: 512GB PCIe® 4.0 NVMe™ M.2 SSD | N25: =IFERROR( LEFT( TRIM(MID(M25, MIN(FIND({0,1,2,3,4,5,6,7,8,9}, M25&"0123456789")), 100)), FIND("B", UPPER(TRIM(MID(M25, MIN(FIND({0,1,2,3,4,5,6,7,8,9}, M25&"0123456789")), 100)))) ), "" ) -> 512GB | O25: =IFERROR( IF(RIGHT(TRIM(N25),2)="TB", VALUE(LEFT(TRIM(N25),LEN(TRIM(N25))-2))*1024 & "GB", TRIM(N25) ), "") -> 512GB | P25: 1920 x 1200 | Q25: =IFERROR( SUBSTITUTE(SUBSTITUTE(SUBSTITUTE(SUBSTITUTE(SUBSTITUTE(SUBSTITUTE( TRIM(P25), "*","x"),"×","x"),"X","x")," x ","x"),"x ","x")," x","x"), "") -> 1920x1200 | R25: 165 HZ | S25: =IFERROR( TRIM(LEFT(TRIM(R25), FIND(UPPER("H"), UPPER(TRIM(R25)))-1)) & "Hz", "") -> 165Hz | T25: Windows11 Home | U25: =IFERROR( IF(AND(ISNUMBER(SEARCH("11",T25)),ISNUMBER(SEARCH("pro",T25))),"Windows 11 Pro", IF(AND(ISNUMBER(SEARCH("10",T25)),ISNUMBER(SEARCH("pro",T25))),"Windows 10 Pro", IF(ISNUMBER(SEARCH("11",T25)),"Windows 11 Home", IF(ISNUMBER(SEARCH("10",T25)),"Windows 10 Home", IF(OR(ISNUMBER(SEARCH("dos",T25)),ISNUMBER(SEARCH("DOS",T25))),"DOS", "Unknown"))))), "Unknown") -> Windows 11 Home | V25: 2.20 Kg | W25: =IFERROR( IF(ISNUMBER(SEARCH(" g",SUBSTITUTE(V25,"gk","kg"))), ROUND(VALUE(TRIM(LEFT(SUBSTITUTE(V25,"gk","kg"),FIND(" ",SUBSTITUTE(V25,"gk","kg"))-1)))/1000,2) & " kg", IF(ISNUMBER(SEARCH("lb",V25)), ROUND(VALUE(TRIM(LEFT(V25,FIND(" ",V25)-1)))*0.453592,2) & " kg", ROUND(VALUE(TRIM(SUBSTITUTE(SUBSTITUTE(SUBSTITUTE(SUBSTITUTE(SUBSTITUTE(V25,"kg",""),"Kg",""),"KG",""),"gk",""),"g",""))),2) & " kg" )), "") -> 2.2 kg | X25: 1 Year | Y25: =IFERROR( IF(ISNUMBER(SEARCH("3",X25)), "3 Years", IF(ISNUMBER(SEARCH("2",X25)), "2 Years", IF(ISNUMBER(SEARCH("1",X25)), "1 Year", "Check Manually"))), "") -> 1 Year | Z25: 56199 | AA25: Unknown
A26: ASUS | B26: =IF(OR(UPPER(TRIM(A26))="MSI", UPPER(TRIM(A26))="HP", UPPER(TRIM(A26))="ASUS"), UPPER(TRIM(A26)), PROPER(TRIM(A26))) -> ASUS | C26: TUF Gaming A14 FA401KH-RG019W | D26: =TRIM(CLEAN(SUBSTITUTE(C26,CHAR(160)," "))) -> TUF Gaming A14 FA401KH-RG019W | E26: {=IFERROR( INDEX(Family_Map!$B$2:$B$35, _xludf.AGGREGATE(14,6,(ROW(Family_Map!$A$2:$A$35)-ROW(Family_Map!$A$2)+1)/(ISNUMBER(SEARCH(Family_Map!$A$2:$A$35,D26))),1) ), "Other")} -> Other | F26: AMD Ryzen™ AI 7 350 | G26: =TRIM(SUBSTITUTE(SUBSTITUTE(SUBSTITUTE(SUBSTITUTE(SUBSTITUTE(F26,"®",""),"™",""),CHAR(160)," "),_xludf.UNICHAR(8203),"")," "," ")) -> #NAME? | H26: =IF(ISNUMBER(SEARCH("CORE ULTRA 9",G26)),"Intel Core Ultra 9", IF(ISNUMBER(SEARCH("CORE ULTRA 7",G26)),"Intel Core Ultra 7",IF(ISNUMBER(SEARCH("CORE I3",G26)),"Intel Core i3", IF(ISNUMBER(SEARCH("CORE ULTRA 5",G26)),"Intel Core Ultra 5", IF(ISNUMBER(SEARCH("CORE I9",G26)),"Intel Core i9", IF(ISNUMBER(SEARCH("CORE I7",G26)),"Intel Core i7", IF(ISNUMBER(SEARCH("CORE I5",G26)),"Intel Core i5", IF(ISNUMBER(SEARCH("CORE 9",G26)),"Intel Core 9", IF(ISNUMBER(SEARCH("CORE 7",G26)),"Intel Core 7", IF(ISNUMBER(SEARCH("CORE 5",G26)),"Intel Core 5", IF(ISNUMBER(SEARCH("RYZEN AI 9",G26)),"AMD Ryzen AI 9", IF(ISNUMBER(SEARCH("RYZEN AI 7",G26)),"AMD Ryzen AI 7", IF(ISNUMBER(SEARCH("RYZEN 9",G26)),"AMD Ryzen 9", IF(ISNUMBER(SEARCH("RYZEN 7",G26)),"AMD Ryzen 7", IF(ISNUMBER(SEARCH("RYZEN 5",G26)),"AMD Ryzen 5", IF(ISNUMBER(SEARCH("SNAPDRAGON",G26)), IF(ISNUMBER(SEARCH("ELITE",G26)),"Snapdragon X Elite", IF(ISNUMBER(SEARCH("PLUS",G26)),"Snapdragon X Plus","Snapdragon")), "Other")))))))))))))))) -> Other | I26: 8GB GDDR7 | J26: =IFERROR( LEFT( TRIM(MID(I26, MIN(FIND({0,1,2,3,4,5,6,7,8,9}, I26&"0123456789")), 100)), FIND("G", UPPER(TRIM(MID(I26, MIN(FIND({0,1,2,3,4,5,6,7,8,9}, I26&"0123456789")), 100)))) ) & "B", "" ) -> 8GB | K26: 16GB*2 LPDDR5X 7500 on board, Max Capacity | L26: =IFERROR( VALUE(SUBSTITUTE(SUBSTITUTE(LEFT(UPPER(TRIM(K26)),FIND("GB",UPPER(K26)&"GB")+1),"GB","")," ","")), IFERROR( VALUE(SUBSTITUTE(SUBSTITUTE(MID(UPPER(K26),FIND("GB",UPPER(K26)&"GB")-3,3),"GB","")," ","")) * IF( OR( ISNUMBER(SEARCH("2X",UPPER(K26))), ISNUMBER(SEARCH("X 2",UPPER(K26))), ISNUMBER(SEARCH("*2",UPPER(K26))), ISNUMBER(SEARCH("2*",UPPER(K26))), ISNUMBER(SEARCH("(2 X",UPPER(K26))) ), 2,1), "") ) -> 16 | M26: 1TB PCIe® 4.0 NVMe™ M.2 SSD | N26: =IFERROR( LEFT( TRIM(MID(M26, MIN(FIND({0,1,2,3,4,5,6,7,8,9}, M26&"0123456789")), 100)), FIND("B", UPPER(TRIM(MID(M26, MIN(FIND({0,1,2,3,4,5,6,7,8,9}, M26&"0123456789")), 100)))) ), "" ) -> 1TB | O26: =IFERROR( IF(RIGHT(TRIM(N26),2)="TB", VALUE(LEFT(TRIM(N26),LEN(TRIM(N26))-2))*1024 & "GB", TRIM(N26) ), "") -> 1024GB | P26: 2560 x 1600 | Q26: =IFERROR( SUBSTITUTE(SUBSTITUTE(SUBSTITUTE(SUBSTITUTE(SUBSTITUTE(SUBSTITUTE( TRIM(P26), "*","x"),"×","x"),"X","x")," x ","x"),"x ","x")," x","x"), "") -> 2560x1600 | R26: 165 HZ | S26: =IFERROR( TRIM(LEFT(TRIM(R26), FIND(UPPER("H"), UPPER(TRIM(R26)))-1)) & "Hz", "") -> 165Hz | T26: Windows 11 Home | U26: =IFERROR( IF(AND(ISNUMBER(SEARCH("11",T26)),ISNUMBER(SEARCH("pro",T26))),"Windows 11 Pro", IF(AND(ISNUMBER(SEARCH("10",T26)),ISNUMBER(SEARCH("pro",T26))),"Windows 10 Pro", IF(ISNUMBER(SEARCH("11",T26)),"Windows 11 Home", IF(ISNUMBER(SEARCH("10",T26)),"Windows 10 Home", IF(OR(ISNUMBER(SEARCH("dos",T26)),ISNUMBER(SEARCH("DOS",T26))),"DOS", "Unknown"))))), "Unknown") -> Windows 11 Home | V26: 1.46 Kg | W26: =IFERROR( IF(ISNUMBER(SEARCH(" g",SUBSTITUTE(V26,"gk","kg"))), ROUND(VALUE(TRIM(LEFT(SUBSTITUTE(V26,"gk","kg"),FIND(" ",SUBSTITUTE(V26,"gk","kg"))-1)))/1000,2) & " kg", IF(ISNUMBER(SEARCH("lb",V26)), ROUND(VALUE(TRIM(LEFT(V26,FIND(" ",V26)-1)))*0.453592,2) & " kg", ROUND(VALUE(TRIM(SUBSTITUTE(SUBSTITUTE(SUBSTITUTE(SUBSTITUTE(SUBSTITUTE(V26,"kg",""),"Kg",""),"KG",""),"gk",""),"g",""))),2) & " kg" )), "") -> 1.46 kg | X26: 1 Year | Y26: =IFERROR( IF(ISNUMBER(SEARCH("3",X26)), "3 Years", IF(ISNUMBER(SEARCH("2",X26)), "2 Years", IF(ISNUMBER(SEARCH("1",X26)), "1 Year", "Check Manually"))), "") -> 1 Year | Z26: 66999 | AA26: Unknown
A27: ASUS | B27: =IF(OR(UPPER(TRIM(A27))="MSI", UPPER(TRIM(A27))="HP", UPPER(TRIM(A27))="ASUS"), UPPER(TRIM(A27)), PROPER(TRIM(A27))) -> ASUS | C27: TUF Gaming A14 FA401UU-RG028W | D27: =TRIM(CLEAN(SUBSTITUTE(C27,CHAR(160)," "))) -> TUF Gaming A14 FA401UU-RG028W | E27: {=IFERROR( INDEX(Family_Map!$B$2:$B$35, _xludf.AGGREGATE(14,6,(ROW(Family_Map!$A$2:$A$35)-ROW(Family_Map!$A$2)+1)/(ISNUMBER(SEARCH(Family_Map!$A$2:$A$35,D27))),1) ), "Other")} -> Other | F27: AMD Ryzen 7 8845HS | G27: =TRIM(SUBSTITUTE(SUBSTITUTE(SUBSTITUTE(SUBSTITUTE(SUBSTITUTE(F27,"®",""),"™",""),CHAR(160)," "),_xludf.UNICHAR(8203),"")," "," ")) -> #NAME? | H27: =IF(ISNUMBER(SEARCH("CORE ULTRA 9",G27)),"Intel Core Ultra 9", IF(ISNUMBER(SEARCH("CORE ULTRA 7",G27)),"Intel Core Ultra 7",IF(ISNUMBER(SEARCH("CORE I3",G27)),"Intel Core i3", IF(ISNUMBER(SEARCH("CORE ULTRA 5",G27)),"Intel Core Ultra 5", IF(ISNUMBER(SEARCH("CORE I9",G27)),"Intel Core i9", IF(ISNUMBER(SEARCH("CORE I7",G27)),"Intel Core i7", IF(ISNUMBER(SEARCH("CORE I5",G27)),"Intel Core i5", IF(ISNUMBER(SEARCH("CORE 9",G27)),"Intel Core 9", IF(ISNUMBER(SEARCH("CORE 7",G27)),"Intel Core 7", IF(ISNUMBER(SEARCH("CORE 5",G27)),"Intel Core 5", IF(ISNUMBER(SEARCH("RYZEN AI 9",G27)),"AMD Ryzen AI 9", IF(ISNUMBER(SEARCH("RYZEN AI 7",G27)),"AMD Ryzen AI 7", IF(ISNUMBER(SEARCH("RYZEN 9",G27)),"AMD Ryzen 9", IF(ISNUMBER(SEARCH("RYZEN 7",G27)),"AMD Ryzen 7", IF(ISNUMBER(SEARCH("RYZEN 5",G27)),"AMD Ryzen 5", IF(ISNUMBER(SEARCH("SNAPDRAGON",G27)), IF(ISNUMBER(SEARCH("ELITE",G27)),"Snapdragon X Elite", IF(ISNUMBER(SEARCH("PLUS",G27)),"Snapdragon X Plus","Snapdragon")), "Other")))))))))))))))) -> Other | I27: 6GB GDDR6 | J27: =IFERROR( LEFT( TRIM(MID(I27, MIN(FIND({0,1,2,3,4,5,6,7,8,9}, I27&"0123456789")), 100)), FIND("G", UPPER(TRIM(MID(I27, MIN(FIND({0,1,2,3,4,5,6,7,8,9}, I27&"0123456789")), 100)))) ) & "B", "" ) -> 6GB | K27: 16GB 8GB*2 LPDDR5X 7500 on board | L27: =IFERROR( VALUE(SUBSTITUTE(SUBSTITUTE(LEFT(UPPER(TRIM(K27)),FIND("GB",UPPER(K27)&"GB")+1),"GB","")," ","")), IFERROR( VALUE(SUBSTITUTE(SUBSTITUTE(MID(UPPER(K27),FIND("GB",UPPER(K27)&"GB")-3,3),"GB","")," ","")) * IF( OR( ISNUMBER(SEARCH("2X",UPPER(K27))), ISNUMBER(SEARCH("X 2",UPPER(K27))), ISNUMBER(SEARCH("*2",UPPER(K27))), ISNUMBER(SEARCH("2*",UPPER(K27))), ISNUMBER(SEARCH("(2 X",UPPER(K27))) ), 2,1), "") ) -> 16 | M27: 512GB PCIe® 4.0 NVMe™ M.2 SSD | N27: =IFERROR( LEFT( TRIM(MID(M27, MIN(FIND({0,1,2,3,4,5,6,7,8,9}, M27&"0123456789")), 100)), FIND("B", UPPER(TRIM(MID(M27, MIN(FIND({0,1,2,3,4,5,6,7,8,9}, M27&"0123456789")), 100)))) ), "" ) -> 512GB | O27: =IFERROR( IF(RIGHT(TRIM(N27),2)="TB", VALUE(LEFT(TRIM(N27),LEN(TRIM(N27))-2))*1024 & "GB", TRIM(N27) ), "") -> 512GB | P27: 2560 x 1600 | Q27: =IFERROR( SUBSTITUTE(SUBSTITUTE(SUBSTITUTE(SUBSTITUTE(SUBSTITUTE(SUBSTITUTE( TRIM(P27), "*","x"),"×","x"),"X","x")," x ","x"),"x ","x")," x","x"), "") -> 2560x1600 | R27: 165 HZ | S27: =IFERROR( TRIM(LEFT(TRIM(R27), FIND(UPPER("H"), UPPER(TRIM(R27)))-1)) & "Hz", "") -> 165Hz | T27: Windows® 11 Home | U27: =IFERROR( IF(AND(ISNUMBER(SEARCH("11",T27)),ISNUMBER(SEARCH("pro",T27))),"Windows 11 Pro", IF(AND(ISNUMBER(SEARCH("10",T27)),ISNUMBER(SEARCH("pro",T27))),"Windows 10 Pro", IF(ISNUMBER(SEARCH("11",T27)),"Windows 11 Home", IF(ISNUMBER(SEARCH("10",T27)),"Windows 10 Home", IF(OR(ISNUMBER(SEARCH("dos",T27)),ISNUMBER(SEARCH("DOS",T27))),"DOS", "Unknown"))))), "Unknown") -> Windows 11 Home | V27: 1.46 Kg | W27: =IFERROR( IF(ISNUMBER(SEARCH(" g",SUBSTITUTE(V27,"gk","kg"))), ROUND(VALUE(TRIM(LEFT(SUBSTITUTE(V27,"gk","kg"),FIND(" ",SUBSTITUTE(V27,"gk","kg"))-1)))/1000,2) & " kg", IF(ISNUMBER(SEARCH("lb",V27)), ROUND(VALUE(TRIM(LEFT(V27,FIND(" ",V27)-1)))*0.453592,2) & " kg", ROUND(VALUE(TRIM(SUBSTITUTE(SUBSTITUTE(SUBSTITUTE(SUBSTITUTE(SUBSTITUTE(V27,"kg",""),"Kg",""),"KG",""),"gk",""),"g",""))),2) & " kg" )), "") -> 1.46 kg | X27: 1 Year | Y27: =IFERROR( IF(ISNUMBER(SEARCH("3",X27)), "3 Years", IF(ISNUMBER(SEARCH("2",X27)), "2 Years", IF(ISNUMBER(SEARCH("1",X27)), "1 Year", "Check Manually"))), "") -> 1 Year | Z27: 48888 | AA27: Unknown
A28: MSI | B28: =IF(OR(UPPER(TRIM(A28))="MSI", UPPER(TRIM(A28))="HP", UPPER(TRIM(A28))="ASUS"), UPPER(TRIM(A28)), PROPER(TRIM(A28))) -> MSI | C28: Crosshair 18 HX AI A2XWGKG | D28: =TRIM(CLEAN(SUBSTITUTE(C28,CHAR(160)," "))) -> Crosshair 18 HX AI A2XWGKG | E28: {=IFERROR( INDEX(Family_Map!$B$2:$B$35, _xludf.AGGREGATE(14,6,(ROW(Family_Map!$A$2:$A$35)-ROW(Family_Map!$A$2)+1)/(ISNUMBER(SEARCH(Family_Map!$A$2:$A$35,D28))),1) ), "Other")} -> Other | F28: Intel Core Ultra 9 275HX | G28: =TRIM(SUBSTITUTE(SUBSTITUTE(SUBSTITUTE(SUBSTITUTE(SUBSTITUTE(F28,"®",""),"™",""),CHAR(160)," "),_xludf.UNICHAR(8203),"")," "," ")) -> #NAME? | H28: =IF(ISNUMBER(SEARCH("CORE ULTRA 9",G28)),"Intel Core Ultra 9", IF(ISNUMBER(SEARCH("CORE ULTRA 7",G28)),"Intel Core Ultra 7",IF(ISNUMBER(SEARCH("CORE I3",G28)),"Intel Core i3", IF(ISNUMBER(SEARCH("CORE ULTRA 5",G28)),"Intel Core Ultra 5", IF(ISNUMBER(SEARCH("CORE I9",G28)),"Intel Core i9", IF(ISNUMBER(SEARCH("CORE I7",G28)),"Intel Core i7", IF(ISNUMBER(SEARCH("CORE I5",G28)),"Intel Core i5", IF(ISNUMBER(SEARCH("CORE 9",G28)),"Intel Core 9", IF(ISNUMBER(SEARCH("CORE 7",G28)),"Intel Core 7", IF(ISNUMBER(SEARCH("CORE 5",G28)),"Intel Core 5", IF(ISNUMBER(SEARCH("RYZEN AI 9",G28)),"AMD Ryzen AI 9", IF(ISNUMBER(SEARCH("RYZEN AI 7",G28)),"AMD Ryzen AI 7", IF(ISNUMBER(SEARCH("RYZEN 9",G28)),"AMD Ryzen 9", IF(ISNUMBER(SEARCH("RYZEN 7",G28)),"AMD Ryzen 7", IF(ISNUMBER(SEARCH("RYZEN 5",G28)),"AMD Ryzen 5", IF(ISNUMBER(SEARCH("SNAPDRAGON",G28)), IF(ISNUMBER(SEARCH("ELITE",G28)),"Snapdragon X Elite", IF(ISNUMBER(SEARCH("PLUS",G28)),"Snapdragon X Plus","Snapdragon")), "Other")))))))))))))))) -> Other | I28: 8GB GDDR7 | J28: =IFERROR( LEFT( TRIM(MID(I28, MIN(FIND({0,1,2,3,4,5,6,7,8,9}, I28&"0123456789")), 100)), FIND("G", UPPER(TRIM(MID(I28, MIN(FIND({0,1,2,3,4,5,6,7,8,9}, I28&"0123456789")), 100)))) ) & "B", "" ) -> 8GB | K28: 32GB | L28: =IFERROR( VALUE(SUBSTITUTE(SUBSTITUTE(LEFT(UPPER(TRIM(K28)),FIND("GB",UPPER(K28)&"GB")+1),"GB","")," ","")), IFERROR( VALUE(SUBSTITUTE(SUBSTITUTE(MID(UPPER(K28),FIND("GB",UPPER(K28)&"GB")-3,3),"GB","")," ","")) * IF( OR( ISNUMBER(SEARCH("2X",UPPER(K28))), ISNUMBER(SEARCH("X 2",UPPER(K28))), ISNUMBER(SEARCH("*2",UPPER(K28))), ISNUMBER(SEARCH("2*",UPPER(K28))), ISNUMBER(SEARCH("(2 X",UPPER(K28))) ), 2,1), "") ) -> 32 | M28: 1TB SSD | N28: =IFERROR( LEFT( TRIM(MID(M28, MIN(FIND({0,1,2,3,4,5,6,7,8,9}, M28&"0123456789")), 100)), FIND("B", UPPER(TRIM(MID(M28, MIN(FIND({0,1,2,3,4,5,6,7,8,9}, M28&"0123456789")), 100)))) ), "" ) -> 1TB | O28: =IFERROR( IF(RIGHT(TRIM(N28),2)="TB", VALUE(LEFT(TRIM(N28),LEN(TRIM(N28))-2))*1024 & "GB", TRIM(N28) ), "") -> 1024GB | P28: 2560x1600 | Q28: =IFERROR( SUBSTITUTE(SUBSTITUTE(SUBSTITUTE(SUBSTITUTE(SUBSTITUTE(SUBSTITUTE( TRIM(P28), "*","x"),"×","x"),"X","x")," x ","x"),"x ","x")," x","x"), "") -> 2560x1600 | R28: 240 HZ | S28: =IFERROR( TRIM(LEFT(TRIM(R28), FIND(UPPER("H"), UPPER(TRIM(R28)))-1)) & "Hz", "") -> 240Hz | T28: Windows® 11 Home | U28: =IFERROR( IF(AND(ISNUMBER(SEARCH("11",T28)),ISNUMBER(SEARCH("pro",T28))),"Windows 11 Pro", IF(AND(ISNUMBER(SEARCH("10",T28)),ISNUMBER(SEARCH("pro",T28))),"Windows 10 Pro", IF(ISNUMBER(SEARCH("11",T28)),"Windows 11 Home", IF(ISNUMBER(SEARCH("10",T28)),"Windows 10 Home", IF(OR(ISNUMBER(SEARCH("dos",T28)),ISNUMBER(SEARCH("DOS",T28))),"DOS", "Unknown"))))), "Unknown") -> Windows 11 Home | V28: 3.1 kg | W28: =IFERROR( IF(ISNUMBER(SEARCH(" g",SUBSTITUTE(V28,"gk","kg"))), ROUND(VALUE(TRIM(LEFT(SUBSTITUTE(V28,"gk","kg"),FIND(" ",SUBSTITUTE(V28,"gk","kg"))-1)))/1000,2) & " kg", IF(ISNUMBER(SEARCH("lb",V28)), ROUND(VALUE(TRIM(LEFT(V28,FIND(" ",V28)-1)))*0.453592,2) & " kg", ROUND(VALUE(TRIM(SUBSTITUTE(SUBSTITUTE(SUBSTITUTE(SUBSTITUTE(SUBSTITUTE(V28,"kg",""),"Kg",""),"KG",""),"gk",""),"g",""))),2) & " kg" )), "") -> 3.1 kg | X28: 2 Years | Y28: =IFERROR( IF(ISNUMBER(SEARCH("3",X28)), "3 Years", IF(ISNUMBER(SEARCH("2",X28)), "2 Years", IF(ISNUMBER(SEARCH("1",X28)), "1 Year", "Check Manually"))), "") -> 2 Years | Z28: 94999 | AA28: Unknown
